tag,categoria,processos_origem,descricao,quantidade_eventos,porcentagem_total
SystemServerTimingAsync,Gestão de Usuários e Acesso,system_server,Mapeamento assíncrono de tempos de inicialização de serviços no boot,3675,8.21%
SystemServerTiming,Outros / Serviços Gerais do SO,system_server,Rastreamento síncrono de tempos de boot do SystemServer,2594,5.79%
auditd,Auditoria e SELinux,"auditd, init (0.4%), keystore2 (0.4%)",Daemon de auditoria de segurança do kernel Linux (SELinux e regras de auditoria),1361,3.04%
init,Outros / Serviços Gerais do SO,"servicemanager, init (0.5%)",Processo inicial do sistema (PID 1) responsável pelo boot e serviços,1204,2.69%
PackageManager,Outros / Serviços Gerais do SO,system_server,"Gerenciamento, instalação e verificação de pacotes e apps",1178,2.63%
SatelliteController,Outros / Serviços Gerais do SO,com.android.phone,Eventos não categorizados em nenhuma categoria anterior.,811,1.81%
HvacController,Subssistema Automotivo (AAOS),com.android.systemui,"Controle de climatização, temperatura e ventilação veicular (HVAC)",790,1.76%
ContextImpl,Outros / Serviços Gerais do SO,"com.android.car (14.5%), android.ext.services (12.2%), android.car.usb.handler (12.2%)",Implementação base do contexto da aplicação no framework Android,736,1.64%
libbinder.BackendUnifiedServiceManager,Outros / Serviços Gerais do SO,"auditd (89.4%), servicemanager (1.9%), pid:766 (0.4%)",Camada de comunicação inter-processos (IPC) via Binder,729,1.63%
nativeloader,Outros / Serviços Gerais do SO,"android.ext.services (10.0%), system_server (5.6%), zygote64 (5.5%)",Carregamento dinâmico de bibliotecas nativas C/C++ (.so),677,1.51%
sysui_multi_action,Gestão de Usuários e Acesso,"system_server, com.android.systemui (0.2%)",Métricas e telemetria de eventos da interface SystemUI,636,1.42%
AccessibilityUserState,Gestão de Usuários e Acesso,system_server,Configurações e serviços de acessibilidade do usuário,548,1.22%
vold_prepare_subdirs,Criptografia e Chaves,vold_prepare_subdirs,Preparação e provisionamento de subdiretórios criptografados por usuário (FBE),538,1.20%
GraphicsEnvironment,Outros / Serviços Gerais do SO,"android.ext.services (4.7%), com.android.phone (3.5%), com.android.permissioncontroller (2.4%)",Configuração do ambiente de drivers gráficos e Vulkan/GLES,510,1.14%
StorageManagerService,Outros / Serviços Gerais do SO,system_server,"Serviço de gerenciamento de partições, volumes e armazenamento seguro",500,1.12%
SystemServiceRegistry,Outros / Serviços Gerais do SO,"system_server, com.android.systemui (0.7%)",Catálogo de registro e injeção de serviços do sistema,459,1.03%
libprocessgroup,Outros / Serviços Gerais do SO,"servicemanager (60.9%), system_server (2.4%), android.ext.services (1.3%)",Gerenciamento de cgroups para controle de recursos de processos,450,1.01%
StrictMode,Outros / Serviços Gerais do SO,"android.process.acore (58.5%), com.android.car.templates.host (36.5%), system_server (4.9%)",Monitor de operações indevidas na thread principal da interface,427,0.95%
SubscriptionManager,Subssistema Automotivo (AAOS),"com.android.car (64.5%), com.android.systemui (34.0%), android.car.cluster (1.4%)","Assinatura de eventos e propriedades veiculares no CarPropertyManager (CarSubscription: velocidade, marcha, freio)",420,0.94%
Zygote,Outros / Serviços Gerais do SO,"zygote64 (77.9%), android.ext.services (1.0%), com.android.phone (0.8%)",Processo raiz gerador dos processos Java/Android via fork,393,0.88%
cppreopts,Outros / Serviços Gerais do SO,"pid:973 (0.3%), pid:982 (0.3%), pid:983 (0.3%)",Compilação e pré-otimização de código nativo durante a inicialização,387,0.86%
CompatChangeReporter,Outros / Serviços Gerais do SO,"android.ext.services (5.9%), system_server (4.9%), com.android.phone (4.4%)",Relatório de compatibilidade de APIs entre versões do Android,387,0.86%
RILJ,Outros / Serviços Gerais do SO,com.android.phone,Camada Java da Interface de Rádio (Radio Interface Layer) para telecomunicações,383,0.86%
artd,Outros / Serviços Gerais do SO,artd,Daemon do runtime ART para compilação e otimização de bytecode DEX,382,0.85%
ActivityManagerTiming,Outros / Serviços Gerais do SO,system_server,Métricas de tempos de inicialização de telas e componentes,348,0.78%
servicemanager,Outros / Serviços Gerais do SO,servicemanager,Registro central de serviços de sistema IPC (Binder),337,0.75%
SatelliteAccessConfigurationParser,Outros / Serviços Gerais do SO,com.android.phone,Eventos não categorizados em nenhuma categoria anterior.,326,0.73%
ModernMediaScanner,Outros / Serviços Gerais do SO,com.android.providers.media.module,Eventos não categorizados em nenhuma categoria anterior.,296,0.66%
bluetooth,Outros / Serviços Gerais do SO,com.android.bluetooth,Eventos não categorizados em nenhuma categoria anterior.,287,0.64%
resolv,Rede e Conexões,netd,Módulo resolvedor de DNS e integridade de conexões de rede,267,0.60%
CCodec,Outros / Serviços Gerais do SO,"system_server (48.6%), com.android.providers.media.module (26.3%), com.android.systemui (24.3%)",Eventos não categorizados em nenhuma categoria anterior.,259,0.58%
CCodecConfig,Outros / Serviços Gerais do SO,"system_server (45.0%), com.android.providers.media.module (31.0%), com.android.systemui (24.0%)",Eventos não categorizados em nenhuma categoria anterior.,258,0.58%
vold,Criptografia e Chaves,"vold (97.6%), servicemanager (2.4%)",Daemon de gerenciamento e montagem de volumes e partições criptografadas,254,0.57%
ActivityManager,Outros / Serviços Gerais do SO,system_server,"Gerenciamento do ciclo de vida de atividades, tarefas e processos",245,0.55%
AHAL_Module,Outros / Serviços Gerais do SO,android.hardware.audio.service,Eventos não categorizados em nenhuma categoria anterior.,235,0.52%
bluetooth-a2dp,Outros / Serviços Gerais do SO,com.android.bluetooth,Eventos não categorizados em nenhuma categoria anterior.,233,0.52%
WifiService,Outros / Serviços Gerais do SO,system_server,Gerenciamento de conexões e estado de rede Wi-Fi,225,0.50%
minradio,Outros / Serviços Gerais do SO,android.hardware.broadcastradio,Eventos não categorizados em nenhuma categoria anterior.,217,0.48%
InetDiagMessage,Rede e Conexões,system_server,Monitoramento e fechamento de sockets de rede inativos,210,0.47%
AppOpService,Outros / Serviços Gerais do SO,system_server,Controle de operações e privilégios concedidos aos aplicativos em tempo de execução,209,0.47%
aconfigd_mainline,Outros / Serviços Gerais do SO,aconfigd_mainline,Eventos não categorizados em nenhuma categoria anterior.,202,0.45%
keystore2,Auditoria e SELinux,keystore2,Serviço de segurança de segunda geração para gerenciamento de chaves criptográficas,201,0.45%
SystemServiceManager,Outros / Serviços Gerais do SO,system_server,Eventos não categorizados em nenhuma categoria anterior.,198,0.44%
MediaProvider,Outros / Serviços Gerais do SO,com.android.providers.media.module,Eventos não categorizados em nenhuma categoria anterior.,192,0.43%
apexd,Outros / Serviços Gerais do SO,servicemanager,Eventos não categorizados em nenhuma categoria anterior.,184,0.41%
NetBpfLoad,Outros / Serviços Gerais do SO,servicemanager,Carregador de programas e filtros de monitoramento de rede eBPF no kernel,181,0.40%
SystemConfig,Gestão de Usuários e Acesso,system_server,"Perfis de usuário (motorista/passageiro), permissões de apps e contas.",172,0.38%
ArtService,Outros / Serviços Gerais do SO,system_server,Eventos não categorizados em nenhuma categoria anterior.,170,0.38%
dex2oat64,Outros / Serviços Gerais do SO,"pid:2629 (2.9%), pid:2803 (2.9%), pid:2622 (2.4%)",Eventos não categorizados em nenhuma categoria anterior.,170,0.38%
bluetooth-cf,Outros / Serviços Gerais do SO,bluetooth-cf,Eventos não categorizados em nenhuma categoria anterior.,162,0.36%
libc,Outros / Serviços Gerais do SO,"pid:724 (7.5%), pid:684 (7.5%), pid:856 (7.5%)",Eventos não categorizados em nenhuma categoria anterior.,159,0.36%
DevicePolicyEngine,Outros / Serviços Gerais do SO,system_server,Motor de políticas corporativas e restrições de segurança do dispositivo,159,0.36%
idmap2d,Outros / Serviços Gerais do SO,idmap2d,Eventos não categorizados em nenhuma categoria anterior.,157,0.35%
SST-0,Subssistema Automotivo (AAOS),com.android.phone,"Barramentos veiculares, HVAC, CarService, Vehicle HAL (VHAL), Cluster e telemetria.",154,0.34%
StreamHalAidl,Outros / Serviços Gerais do SO,audioserver,Eventos não categorizados em nenhuma categoria anterior.,150,0.34%
pci 0000,Outros / Serviços Gerais do SO,"servicemanager (98.6%), pid:8086 (1.4%)",Eventos não categorizados em nenhuma categoria anterior.,138,0.31%
TelephonyConfigUpdateInstallReceiver,Outros / Serviços Gerais do SO,com.android.phone,Eventos não categorizados em nenhuma categoria anterior.,138,0.31%
FileUtils,Outros / Serviços Gerais do SO,system_server,Eventos não categorizados em nenhuma categoria anterior.,134,0.30%
adbd,Rede e Conexões,adbd,Daemon da ponte de depuração Android (ADB) para acesso e comandos remotos,130,0.29%
WindowManager,Outros / Serviços Gerais do SO,system_server,"Gerenciamento de janelas, superfícies e composição de tela",129,0.29%
BestClock,Outros / Serviços Gerais do SO,system_server,Eventos não categorizados em nenhuma categoria anterior.,128,0.29%
DNC-0,Outros / Serviços Gerais do SO,com.android.phone,Eventos não categorizados em nenhuma categoria anterior.,126,0.28%
SatelliteAccessController,Outros / Serviços Gerais do SO,com.android.phone,Eventos não categorizados em nenhuma categoria anterior.,126,0.28%
rust_binder,Outros / Serviços Gerais do SO,servicemanager,Eventos não categorizados em nenhuma categoria anterior.,125,0.28%
DeviceHalAidl,Outros / Serviços Gerais do SO,audioserver,Eventos não categorizados em nenhuma categoria anterior.,125,0.28%
ConnectivityService,Outros / Serviços Gerais do SO,system_server,Serviço central de conectividade de dados e rotas IP,125,0.28%
CAR.POWER,Subssistema Automotivo (AAOS),com.android.car,Gerenciador de energia e estados de suspensão/hibernação veicular,120,0.27%
WindowManagerShell,Outros / Serviços Gerais do SO,com.android.systemui,Eventos não categorizados em nenhuma categoria anterior.,118,0.26%
,Outros / Serviços Gerais do SO,servicemanager,Eventos não categorizados em nenhuma categoria anterior.,117,0.26%
ApplicationLoaders,Outros / Serviços Gerais do SO,"com.android.phone (7.7%), zygote64 (6.8%), android.ext.services (6.8%)",Eventos não categorizados em nenhuma categoria anterior.,117,0.26%
mediaswcodec,Outros / Serviços Gerais do SO,mediaswcodec,Serviço de codecs de áudio e vídeo por software,113,0.25%
AppWidgetServiceImpl,Gestão de Usuários e Acesso,system_server,"Perfis de usuário (motorista/passageiro), permissões de apps e contas.",113,0.25%
netd,Rede e Conexões,netd,"Daemon de rede responsável por interfaces, rotas, sockets e regras de firewall",112,0.25%
commit_sys_config_file,Outros / Serviços Gerais do SO,system_server,Eventos não categorizados em nenhuma categoria anterior.,112,0.25%
SystemUIBootTiming,Outros / Serviços Gerais do SO,com.android.systemui,Eventos não categorizados em nenhuma categoria anterior.,112,0.25%
BluetoothSystemServer,Outros / Serviços Gerais do SO,system_server,Eventos não categorizados em nenhuma categoria anterior.,111,0.25%
UserSystemPackageInstaller,Gestão de Usuários e Acesso,system_server,"Perfis de usuário (motorista/passageiro), permissões de apps e contas.",110,0.25%
Phone-0,Outros / Serviços Gerais do SO,com.android.phone,Eventos não categorizados em nenhuma categoria anterior.,108,0.24%
DefaultPermGrantPolicy,Gestão de Usuários e Acesso,system_server,"Perfis de usuário (motorista/passageiro), permissões de apps e contas.",106,0.24%
ConstraintLayout,Outros / Serviços Gerais do SO,com.android.systemui,Eventos não categorizados em nenhuma categoria anterior.,104,0.23%
idmap2,Subssistema Automotivo (AAOS),idmap2,"Barramentos veiculares, HVAC, CarService, Vehicle HAL (VHAL), Cluster e telemetria.",102,0.23%
CarServiceUtils,Subssistema Automotivo (AAOS),com.android.car,"Barramentos veiculares, HVAC, CarService, Vehicle HAL (VHAL), Cluster e telemetria.",102,0.23%
DSMGR-0,Outros / Serviços Gerais do SO,com.android.phone,Eventos não categorizados em nenhuma categoria anterior.,102,0.23%
HidlServiceManagement,Outros / Serviços Gerais do SO,"carpowerpolicyd (33.7%), keystore2 (12.9%), system_server (7.9%)",Eventos não categorizados em nenhuma categoria anterior.,101,0.23%
CarDisplayCompatScaleProviderUpdatableImpl,Subssistema Automotivo (AAOS),system_server,"Barramentos veiculares, HVAC, CarService, Vehicle HAL (VHAL), Cluster e telemetria.",101,0.23%
TNP,Outros / Serviços Gerais do SO,com.android.phone,Eventos não categorizados em nenhuma categoria anterior.,99,0.22%
apexd-bootstrap,Outros / Serviços Gerais do SO,servicemanager,Eventos não categorizados em nenhuma categoria anterior.,97,0.22%
Telecom,Outros / Serviços Gerais do SO,system_server,Eventos não categorizados em nenhuma categoria anterior.,97,0.22%
CarrierPrivilegesTracker,Subssistema Automotivo (AAOS),com.android.phone,"Barramentos veiculares, HVAC, CarService, Vehicle HAL (VHAL), Cluster e telemetria.",97,0.22%
SurfaceFlinger,Outros / Serviços Gerais do SO,pid:724,Compositor gráfico central do Android,96,0.21%
RoleUserState,Gestão de Usuários e Acesso,system_server,"Perfis de usuário (motorista/passageiro), permissões de apps e contas.",96,0.21%
NotificationMgr,Gestão de Usuários e Acesso,com.android.phone,"Perfis de usuário (motorista/passageiro), permissões de apps e contas.",95,0.21%
AHAL_Stream,Outros / Serviços Gerais do SO,android.hardware.audio.service,Eventos não categorizados em nenhuma categoria anterior.,94,0.21%
MultiSimSettingController,Outros / Serviços Gerais do SO,com.android.phone,Eventos não categorizados em nenhuma categoria anterior.,88,0.20%
carpowerpolicyd,Subssistema Automotivo (AAOS),carpowerpolicyd,"Barramentos veiculares, HVAC, CarService, Vehicle HAL (VHAL), Cluster e telemetria.",86,0.19%
AudioFlinger,Outros / Serviços Gerais do SO,audioserver,Eventos não categorizados em nenhuma categoria anterior.,86,0.19%
am_proc_start,Outros / Serviços Gerais do SO,system_server,Eventos não categorizados em nenhuma categoria anterior.,86,0.19%
am_proc_bound,Outros / Serviços Gerais do SO,system_server,Eventos não categorizados em nenhuma categoria anterior.,86,0.19%
CellBroadcastReceiver,Outros / Serviços Gerais do SO,com.android.cellbroadcastreceiver.module,Eventos não categorizados em nenhuma categoria anterior.,86,0.19%
ShortcutService,Outros / Serviços Gerais do SO,system_server,Eventos não categorizados em nenhuma categoria anterior.,86,0.19%
DPM-0,Outros / Serviços Gerais do SO,com.android.phone,Eventos não categorizados em nenhuma categoria anterior.,83,0.19%
AHAL_EffectFactory,Outros / Serviços Gerais do SO,AHAL_EffectFactory,Eventos não categorizados em nenhuma categoria anterior.,82,0.18%
CarrierSvcBindHelper,Subssistema Automotivo (AAOS),com.android.phone,"Barramentos veiculares, HVAC, CarService, Vehicle HAL (VHAL), Cluster e telemetria.",82,0.18%
ReflectedParamUpdater,Outros / Serviços Gerais do SO,"system_server (51.9%), com.android.systemui (25.9%), com.android.providers.media.module (22.2%)",Eventos não categorizados em nenhuma categoria anterior.,81,0.18%
GsmCdmaPhone,Outros / Serviços Gerais do SO,com.android.phone,Eventos não categorizados em nenhuma categoria anterior.,81,0.18%
SIMRecords,Outros / Serviços Gerais do SO,com.android.phone,Eventos não categorizados em nenhuma categoria anterior.,81,0.18%
am_uid_running,Outros / Serviços Gerais do SO,system_server,Eventos não categorizados em nenhuma categoria anterior.,79,0.18%
CompatConfig,Outros / Serviços Gerais do SO,system_server,Eventos não categorizados em nenhuma categoria anterior.,78,0.17%
TelephonyRegistry,Outros / Serviços Gerais do SO,system_server,Eventos não categorizados em nenhuma categoria anterior.,78,0.17%
BluetoothAdapterService,Outros / Serviços Gerais do SO,com.android.bluetooth,Eventos não categorizados em nenhuma categoria anterior.,78,0.17%
CarPackageManagerService,Subssistema Automotivo (AAOS),com.android.car,"Barramentos veiculares, HVAC, CarService, Vehicle HAL (VHAL), Cluster e telemetria.",78,0.17%
dlkm_loader,Outros / Serviços Gerais do SO,servicemanager,Eventos não categorizados em nenhuma categoria anterior.,77,0.17%
DropBoxManagerService,Outros / Serviços Gerais do SO,system_server,Serviço de persistência de logs e relatórios de auditoria e falhas,77,0.17%
RotaryController,Outros / Serviços Gerais do SO,com.android.car.rotary,Eventos não categorizados em nenhuma categoria anterior.,77,0.17%
Codec2InfoBuilder,Outros / Serviços Gerais do SO,"pid:2987 (50.0%), pid:3918 (50.0%)",Eventos não categorizados em nenhuma categoria anterior.,74,0.17%
TelephonyProvider,Outros / Serviços Gerais do SO,com.android.phone,Eventos não categorizados em nenhuma categoria anterior.,73,0.16%
am_uid_active,Outros / Serviços Gerais do SO,system_server,Eventos não categorizados em nenhuma categoria anterior.,72,0.16%
ConnectivitySettingsManager,Outros / Serviços Gerais do SO,system_server,Eventos não categorizados em nenhuma categoria anterior.,71,0.16%
GrammaticalInflectionUtils,Gestão de Usuários e Acesso,system_server,"Perfis de usuário (motorista/passageiro), permissões de apps e contas.",71,0.16%
iptables-restor,Auditoria e SELinux,auditd,Aplicação de regras de firewall de rede via iptables,70,0.16%
Cluster.ViewModel,Subssistema Automotivo (AAOS),android.car.cluster,Painel de instrumentos digital do veículo (Instrument Cluster),70,0.16%
UserSystemPackageInstallerCommitDebug,Gestão de Usuários e Acesso,system_server,"Perfis de usuário (motorista/passageiro), permissões de apps e contas.",69,0.15%
zygote64,Outros / Serviços Gerais do SO,zygote64,Eventos não categorizados em nenhuma categoria anterior.,67,0.15%
bt_bta_dm,Outros / Serviços Gerais do SO,com.android.bluetooth,Eventos não categorizados em nenhuma categoria anterior.,67,0.15%
SELinux,Auditoria e SELinux,"servicemanager (73.8%), system_server (9.2%), installd (9.2%)",Carregamento e fiscalização de políticas de controle de acesso mandatório (MAC),65,0.15%
AccessibilityManagerService,Gestão de Usuários e Acesso,system_server,"Perfis de usuário (motorista/passageiro), permissões de apps e contas.",65,0.15%
Binder,Outros / Serviços Gerais do SO,system_server,Eventos não categorizados em nenhuma categoria anterior.,64,0.14%
SMSVC,Outros / Serviços Gerais do SO,com.android.phone,Eventos não categorizados em nenhuma categoria anterior.,64,0.14%
SatellitePlmnNetworkInfo,Outros / Serviços Gerais do SO,com.android.phone,Eventos não categorizados em nenhuma categoria anterior.,64,0.14%
system_server,Outros / Serviços Gerais do SO,system_server,Eventos não categorizados em nenhuma categoria anterior.,63,0.14%
AdapterServiceConfig,Outros / Serviços Gerais do SO,com.android.bluetooth,Eventos não categorizados em nenhuma categoria anterior.,62,0.14%
UserManager,Gestão de Usuários e Acesso,system_server,"Perfis de usuário (motorista/passageiro), permissões de apps e contas.",62,0.14%
BluetoothAdapter,Outros / Serviços Gerais do SO,"com.android.systemui (31.1%), com.android.car (24.6%), com.android.car.settings (18.0%)",Eventos não categorizados em nenhuma categoria anterior.,61,0.14%
bpfloader,Auditoria e SELinux,auditd,"Daemon de auditoria do kernel (auditd), checagem de AVC denials e políticas SELinux.",60,0.13%
ip6tables-resto,Auditoria e SELinux,auditd,"Daemon de auditoria do kernel (auditd), checagem de AVC denials e políticas SELinux.",60,0.13%
MESA,Outros / Serviços Gerais do SO,"pid:724 (8.3%), pid:684 (8.3%), pid:856 (8.3%)",Eventos não categorizados em nenhuma categoria anterior.,60,0.13%
am_wtf,Outros / Serviços Gerais do SO,system_server,Eventos não categorizados em nenhuma categoria anterior.,60,0.13%
mediaextractor,Outros / Serviços Gerais do SO,mediaextractor,Extração e validação de contêineres de mídia,59,0.13%
SatelliteAppTracker,Outros / Serviços Gerais do SO,com.android.phone,Eventos não categorizados em nenhuma categoria anterior.,59,0.13%
derive_classpath,Outros / Serviços Gerais do SO,derive_classpath,Eventos não categorizados em nenhuma categoria anterior.,58,0.13%
GFXSTREAM,Outros / Serviços Gerais do SO,"com.android.systemui (19.0%), pid:724 (10.3%), android.car.cluster (10.3%)",Eventos não categorizados em nenhuma categoria anterior.,58,0.13%
ProtoLog,Outros / Serviços Gerais do SO,"com.android.systemui (94.8%), system_server (5.2%)",Eventos não categorizados em nenhuma categoria anterior.,58,0.13%
AconfigPackage,Outros / Serviços Gerais do SO,zygote64,Eventos não categorizados em nenhuma categoria anterior.,57,0.13%
libbinder.PermissionCache,Gestão de Usuários e Acesso,"pid:724 (49.1%), system_server (49.1%), pid:773 (1.8%)","Perfis de usuário (motorista/passageiro), permissões de apps e contas.",57,0.13%
NetworkMonitor/100,Rede e Conexões,com.android.networkstack.process,"Roteamento de rede (netd), DNS (resolv), regras de iptables e conexões de depuração (adbd).",57,0.13%
NetworkTypeController,Outros / Serviços Gerais do SO,com.android.phone,Eventos não categorizados em nenhuma categoria anterior.,56,0.13%
UserController,Gestão de Usuários e Acesso,system_server,"Perfis de usuário (motorista/passageiro), permissões de apps e contas.",55,0.12%
CellBroadcastConfigTracker-0,Outros / Serviços Gerais do SO,com.android.phone,Eventos não categorizados em nenhuma categoria anterior.,55,0.12%
WifiNetworkFactory,Outros / Serviços Gerais do SO,system_server,Eventos não categorizados em nenhuma categoria anterior.,55,0.12%
MagnificationConnectionManager,Outros / Serviços Gerais do SO,system_server,Eventos não categorizados em nenhuma categoria anterior.,54,0.12%
AS.AudioService,Outros / Serviços Gerais do SO,system_server,Eventos não categorizados em nenhuma categoria anterior.,53,0.12%
UsbDeviceManager,Outros / Serviços Gerais do SO,system_server,Eventos não categorizados em nenhuma categoria anterior.,53,0.12%
CarUserService,Subssistema Automotivo (AAOS),com.android.car,"Barramentos veiculares, HVAC, CarService, Vehicle HAL (VHAL), Cluster e telemetria.",53,0.12%
TelephonyRegistryManager,Subssistema Automotivo (AAOS),"com.android.phone (92.5%), system_server (7.5%)","Barramentos veiculares, HVAC, CarService, Vehicle HAL (VHAL), Cluster e telemetria.",53,0.12%
PackageParsing,Subssistema Automotivo (AAOS),system_server,"Barramentos veiculares, HVAC, CarService, Vehicle HAL (VHAL), Cluster e telemetria.",52,0.12%
UprobeStatsBpfLoad,Outros / Serviços Gerais do SO,servicemanager,Eventos não categorizados em nenhuma categoria anterior.,51,0.11%
audioserver,Outros / Serviços Gerais do SO,audioserver,Eventos não categorizados em nenhuma categoria anterior.,50,0.11%
netbpfload,Auditoria e SELinux,auditd,"Daemon de auditoria do kernel (auditd), checagem de AVC denials e políticas SELinux.",48,0.11%
Hal2AidlMapper,Outros / Serviços Gerais do SO,audioserver,Eventos não categorizados em nenhuma categoria anterior.,47,0.10%
APM_AudioPolicyManager,Outros / Serviços Gerais do SO,audioserver,Eventos não categorizados em nenhuma categoria anterior.,47,0.10%
DisplayManagerService,Outros / Serviços Gerais do SO,system_server,Gerenciamento de displays e monitores físicos e virtuais,47,0.10%
PermissionControllerServiceImpl,Gestão de Usuários e Acesso,com.android.permissioncontroller,"Perfis de usuário (motorista/passageiro), permissões de apps e contas.",47,0.10%
InputReader,Outros / Serviços Gerais do SO,system_server,Eventos não categorizados em nenhuma categoria anterior.,46,0.10%
DSRM-0,Outros / Serviços Gerais do SO,com.android.phone,Eventos não categorizados em nenhuma categoria anterior.,46,0.10%
LocaleTracker-0,Outros / Serviços Gerais do SO,com.android.phone,Eventos não categorizados em nenhuma categoria anterior.,46,0.10%
SatelliteServiceUtils,Outros / Serviços Gerais do SO,com.android.phone,Eventos não categorizados em nenhuma categoria anterior.,45,0.10%
LauncherProxyService,Outros / Serviços Gerais do SO,com.android.systemui,Eventos não categorizados em nenhuma categoria anterior.,45,0.10%
pm_critical_info,Outros / Serviços Gerais do SO,system_server,Eventos não categorizados em nenhuma categoria anterior.,44,0.10%
AppBindingService,Outros / Serviços Gerais do SO,system_server,Eventos não categorizados em nenhuma categoria anterior.,44,0.10%
MediaCodecsXmlParser,Outros / Serviços Gerais do SO,"pid:2987 (50.0%), pid:3918 (50.0%)",Eventos não categorizados em nenhuma categoria anterior.,44,0.10%
libbinder.Parcel,Outros / Serviços Gerais do SO,auditd,Eventos não categorizados em nenhuma categoria anterior.,44,0.10%
Surface,Outros / Serviços Gerais do SO,"com.android.systemui (30.2%), pid:724 (14.0%), android.car.cluster (14.0%)",Eventos não categorizados em nenhuma categoria anterior.,43,0.10%
CarrierConfigLoader,Subssistema Automotivo (AAOS),com.android.phone,"Barramentos veiculares, HVAC, CarService, Vehicle HAL (VHAL), Cluster e telemetria.",43,0.10%
AudioVolumeChangeHandler,Outros / Serviços Gerais do SO,system_server,Eventos não categorizados em nenhuma categoria anterior.,43,0.10%
ServiceWatcher,Outros / Serviços Gerais do SO,system_server,Eventos não categorizados em nenhuma categoria anterior.,42,0.09%
fsck.f2fs,Outros / Serviços Gerais do SO,servicemanager,Eventos não categorizados em nenhuma categoria anterior.,41,0.09%
DevicePolicyManager,Outros / Serviços Gerais do SO,system_server,Eventos não categorizados em nenhuma categoria anterior.,41,0.09%
viewroot_draw_event,Outros / Serviços Gerais do SO,"com.android.systemui (61.0%), android.car.cluster (9.8%), com.google.android.car.kitchensink (7.3%)",Eventos não categorizados em nenhuma categoria anterior.,41,0.09%
SmsProvider,Outros / Serviços Gerais do SO,com.android.phone,Eventos não categorizados em nenhuma categoria anterior.,41,0.09%
MessagingReadRestrictionAllowlistMonitor,Outros / Serviços Gerais do SO,com.android.phone,Eventos não categorizados em nenhuma categoria anterior.,41,0.09%
CSST,Outros / Serviços Gerais do SO,com.android.phone,Eventos não categorizados em nenhuma categoria anterior.,41,0.09%
BpfLoader-rs,Outros / Serviços Gerais do SO,auditd,Eventos não categorizados em nenhuma categoria anterior.,40,0.09%
AppWidgetManager,Outros / Serviços Gerais do SO,"com.android.systemui (60.0%), system_server (40.0%)",Eventos não categorizados em nenhuma categoria anterior.,40,0.09%
DockPackageChangeReceiver,Outros / Serviços Gerais do SO,com.android.systemui,Eventos não categorizados em nenhuma categoria anterior.,40,0.09%
carwatchdogd,Subssistema Automotivo (AAOS),carwatchdogd,"Barramentos veiculares, HVAC, CarService, Vehicle HAL (VHAL), Cluster e telemetria.",39,0.09%
libbinder.ServiceManagerCppClient,Gestão de Usuários e Acesso,"pid:724 (33.3%), system_server (33.3%), pid:766 (10.3%)","Perfis de usuário (motorista/passageiro), permissões de apps e contas.",39,0.09%
CCodecBufferChannel,Outros / Serviços Gerais do SO,"system_server (69.2%), com.android.systemui (30.8%)",Eventos não categorizados em nenhuma categoria anterior.,39,0.09%
ADSC,Outros / Serviços Gerais do SO,com.android.phone,Eventos não categorizados em nenhuma categoria anterior.,39,0.09%
CallNotifier,Outros / Serviços Gerais do SO,com.android.phone,Eventos não categorizados em nenhuma categoria anterior.,39,0.09%
bt_l2cap,Outros / Serviços Gerais do SO,com.android.bluetooth,Eventos não categorizados em nenhuma categoria anterior.,39,0.09%
ViewRootImpl,Outros / Serviços Gerais do SO,"com.android.car.carlauncher (63.2%), com.android.systemui (26.3%), com.android.car.settings (5.3%)",Eventos não categorizados em nenhuma categoria anterior.,38,0.08%
BluetoothAdapterProperties,Outros / Serviços Gerais do SO,com.android.bluetooth,Eventos não categorizados em nenhuma categoria anterior.,38,0.08%
AHAL_EffectConfig,Outros / Serviços Gerais do SO,AHAL_EffectFactory,Eventos não categorizados em nenhuma categoria anterior.,37,0.08%
libbinder.AidlLazyServiceRegistrar,Outros / Serviços Gerais do SO,"servicemanager (50.0%), artd (13.9%), pid:2987 (13.9%)",Eventos não categorizados em nenhuma categoria anterior.,36,0.08%
update_engine,Outros / Serviços Gerais do SO,update_engine,Eventos não categorizados em nenhuma categoria anterior.,36,0.08%
ActivityTaskManager,Subssistema Automotivo (AAOS),system_server,"Barramentos veiculares, HVAC, CarService, Vehicle HAL (VHAL), Cluster e telemetria.",36,0.08%
MmsProvider,Outros / Serviços Gerais do SO,com.android.phone,Eventos não categorizados em nenhuma categoria anterior.,36,0.08%
CloseableReentrantLock,Outros / Serviços Gerais do SO,com.android.providers.media.module,Eventos não categorizados em nenhuma categoria anterior.,36,0.08%
am_freeze,Outros / Serviços Gerais do SO,system_server,Eventos não categorizados em nenhuma categoria anterior.,36,0.08%
am_compact,Outros / Serviços Gerais do SO,system_server,Eventos não categorizados em nenhuma categoria anterior.,36,0.08%
HWUI,Outros / Serviços Gerais do SO,"com.android.systemui (28.6%), android.car.cluster (14.3%), com.google.android.car.kitchensink (11.4%)",Eventos não categorizados em nenhuma categoria anterior.,35,0.08%
DSM-C-0,Outros / Serviços Gerais do SO,com.android.phone,Eventos não categorizados em nenhuma categoria anterior.,35,0.08%
CAR.AUDIO.CoreAudioVolumeGroup,Subssistema Automotivo (AAOS),com.android.car,"Barramentos veiculares, HVAC, CarService, Vehicle HAL (VHAL), Cluster e telemetria.",35,0.08%
WM-GreedyScheduler,Outros / Serviços Gerais do SO,"com.android.providers.media.module (42.9%), com.android.statementservice (40.0%), com.android.rkpdapp (11.4%)",Eventos não categorizados em nenhuma categoria anterior.,35,0.08%
BluetoothKeystoreService,Criptografia e Chaves,com.android.bluetooth,Armazenamento criptografado de chaves e vínculos Bluetooth,34,0.08%
AccessControllerMetricsStats,Outros / Serviços Gerais do SO,com.android.phone,Eventos não categorizados em nenhuma categoria anterior.,34,0.08%
am_uid_idle,Outros / Serviços Gerais do SO,system_server,Eventos não categorizados em nenhuma categoria anterior.,34,0.08%
SystemServerInitThreadPool,Outros / Serviços Gerais do SO,system_server,Eventos não categorizados em nenhuma categoria anterior.,33,0.07%
CarrierConfigManager,Subssistema Automotivo (AAOS),"com.android.phone (75.8%), system_server (15.2%), com.android.systemui (6.1%)","Barramentos veiculares, HVAC, CarService, Vehicle HAL (VHAL), Cluster e telemetria.",33,0.07%
CarNotificationListener,Subssistema Automotivo (AAOS),com.android.systemui,"Barramentos veiculares, HVAC, CarService, Vehicle HAL (VHAL), Cluster e telemetria.",32,0.07%
ACPI,Outros / Serviços Gerais do SO,servicemanager,Eventos não categorizados em nenhuma categoria anterior.,31,0.07%
keymint-hal-nonsecure,Criptografia e Chaves,keymint-hal-nonsecure,"Keystore2, KeyMint, File-Based Encryption (FBE) e montagem de storage (vold).",31,0.07%
NotificationManagerService.NotificationAssistants,Outros / Serviços Gerais do SO,system_server,Eventos não categorizados em nenhuma categoria anterior.,31,0.07%
VirtualHalConfig,Outros / Serviços Gerais do SO,VirtualHalConfig,Eventos não categorizados em nenhuma categoria anterior.,31,0.07%
uwb,Outros / Serviços Gerais do SO,system_server,Eventos não categorizados em nenhuma categoria anterior.,31,0.07%
aconfigd_system,Outros / Serviços Gerais do SO,"aconfigd_system (93.3%), pid:606 (6.7%)",Eventos não categorizados em nenhuma categoria anterior.,30,0.07%
ApexManager,Outros / Serviços Gerais do SO,system_server,Eventos não categorizados em nenhuma categoria anterior.,30,0.07%
VoiceInteractionManager,Gestão de Usuários e Acesso,system_server,"Perfis de usuário (motorista/passageiro), permissões de apps e contas.",30,0.07%
DisplayInterface,Outros / Serviços Gerais do SO,com.android.car,Eventos não categorizados em nenhuma categoria anterior.,30,0.07%
UwbServiceCore,Outros / Serviços Gerais do SO,system_server,Eventos não categorizados em nenhuma categoria anterior.,29,0.06%
CAR.L,Subssistema Automotivo (AAOS),"com.android.systemui (31.0%), com.android.car.settings (24.1%), com.android.car.carlauncher (17.2%)","Barramentos veiculares, HVAC, CarService, Vehicle HAL (VHAL), Cluster e telemetria.",29,0.06%
Audio_ParameterParser,Subssistema Automotivo (AAOS),pid:653,"Barramentos veiculares, HVAC, CarService, Vehicle HAL (VHAL), Cluster e telemetria.",28,0.06%
UriGrantsManagerService,Auditoria e SELinux,system_server,"Daemon de auditoria do kernel (auditd), checagem de AVC denials e políticas SELinux.",28,0.06%
BiometricScheduler,Gestão de Usuários e Acesso,system_server,"Perfis de usuário (motorista/passageiro), permissões de apps e contas.",28,0.06%
UiccProfile [0],Outros / Serviços Gerais do SO,com.android.phone,Eventos não categorizados em nenhuma categoria anterior.,28,0.06%
StorageSessionController,Outros / Serviços Gerais do SO,system_server,Eventos não categorizados em nenhuma categoria anterior.,28,0.06%
UntrustedWifiNetworkFactory,Outros / Serviços Gerais do SO,system_server,Eventos não categorizados em nenhuma categoria anterior.,28,0.06%
OemPaidWifiNetworkFactory,Outros / Serviços Gerais do SO,system_server,Eventos não categorizados em nenhuma categoria anterior.,28,0.06%
MultiInternetWifiNetworkFactory,Outros / Serviços Gerais do SO,system_server,Eventos não categorizados em nenhuma categoria anterior.,28,0.06%
JobInfo,Outros / Serviços Gerais do SO,"system_server (46.4%), com.android.statementservice (21.4%), android.ext.services (7.1%)",Eventos não categorizados em nenhuma categoria anterior.,28,0.06%
MediaStore,Outros / Serviços Gerais do SO,com.android.providers.media.module,Eventos não categorizados em nenhuma categoria anterior.,28,0.06%
DatabaseBackupAndRecovery,Gestão de Usuários e Acesso,com.android.providers.media.module,"Perfis de usuário (motorista/passageiro), permissões de apps e contas.",28,0.06%
DN-100-C,Outros / Serviços Gerais do SO,com.android.phone,Eventos não categorizados em nenhuma categoria anterior.,28,0.06%
UserDataPreparer,Gestão de Usuários e Acesso,system_server,"Perfis de usuário (motorista/passageiro), permissões de apps e contas.",27,0.06%
RoleControllerServiceImpl,Gestão de Usuários e Acesso,system_server,"Perfis de usuário (motorista/passageiro), permissões de apps e contas.",27,0.06%
CAR.AUDIO,Subssistema Automotivo (AAOS),com.android.car,Gerenciador de zonas de áudio e roteamento sonoro do veículo,26,0.06%
AidlBufferPool,Outros / Serviços Gerais do SO,"mediaswcodec (69.2%), system_server (19.2%), com.android.systemui (11.5%)",Eventos não categorizados em nenhuma categoria anterior.,26,0.06%
RilRequest,Outros / Serviços Gerais do SO,com.android.phone,Eventos não categorizados em nenhuma categoria anterior.,26,0.06%
ManagedProvisioning,Outros / Serviços Gerais do SO,com.android.managedprovisioning,Eventos não categorizados em nenhuma categoria anterior.,26,0.06%
derive_sdk,Outros / Serviços Gerais do SO,derive_sdk,Eventos não categorizados em nenhuma categoria anterior.,25,0.06%
netstats_mobile_sample,Outros / Serviços Gerais do SO,system_server,Eventos não categorizados em nenhuma categoria anterior.,25,0.06%
netstats_wifi_sample,Outros / Serviços Gerais do SO,system_server,Eventos não categorizados em nenhuma categoria anterior.,25,0.06%
DisplaySystemBarsController,Outros / Serviços Gerais do SO,com.android.systemui,Eventos não categorizados em nenhuma categoria anterior.,25,0.06%
installd,Outros / Serviços Gerais do SO,installd,Eventos não categorizados em nenhuma categoria anterior.,24,0.05%
DisplayManager.PersistentDataStore,Outros / Serviços Gerais do SO,system_server,Eventos não categorizados em nenhuma categoria anterior.,24,0.05%
wm_task_moved,Outros / Serviços Gerais do SO,system_server,Eventos não categorizados em nenhuma categoria anterior.,24,0.05%
SatelliteEntitlementController,Outros / Serviços Gerais do SO,com.android.phone,Eventos não categorizados em nenhuma categoria anterior.,24,0.05%
bt_btif_sock_rfcomm,Outros / Serviços Gerais do SO,com.android.bluetooth,Eventos não categorizados em nenhuma categoria anterior.,24,0.05%
FuseDaemon,Outros / Serviços Gerais do SO,com.android.providers.media.module,Eventos não categorizados em nenhuma categoria anterior.,24,0.05%
Watchdog,Subssistema Automotivo (AAOS),system_server,"Barramentos veiculares, HVAC, CarService, Vehicle HAL (VHAL), Cluster e telemetria.",23,0.05%
WifiCarrierInfoManager,Subssistema Automotivo (AAOS),system_server,"Barramentos veiculares, HVAC, CarService, Vehicle HAL (VHAL), Cluster e telemetria.",23,0.05%
bt_core_module,Outros / Serviços Gerais do SO,com.android.bluetooth,Eventos não categorizados em nenhuma categoria anterior.,23,0.05%
EventHub,Outros / Serviços Gerais do SO,system_server,Eventos não categorizados em nenhuma categoria anterior.,22,0.05%
SignedPackage,Outros / Serviços Gerais do SO,"system_server (95.5%), com.android.permissioncontroller (4.5%)",Eventos não categorizados em nenhuma categoria anterior.,22,0.05%
MediaCodec,Outros / Serviços Gerais do SO,"system_server (54.5%), com.android.systemui (27.3%), com.android.providers.media.module (18.2%)",Eventos não categorizados em nenhuma categoria anterior.,22,0.05%
AudioControl,Subssistema Automotivo (AAOS),pid:659,"Barramentos veiculares, HVAC, CarService, Vehicle HAL (VHAL), Cluster e telemetria.",22,0.05%
UiccController,Outros / Serviços Gerais do SO,com.android.phone,Eventos não categorizados em nenhuma categoria anterior.,22,0.05%
AppSearchIcing,Outros / Serviços Gerais do SO,system_server,Eventos não categorizados em nenhuma categoria anterior.,22,0.05%
MediaServiceV2,Outros / Serviços Gerais do SO,com.android.providers.media.module,Eventos não categorizados em nenhuma categoria anterior.,22,0.05%
AppIdPermissionPolicy,Gestão de Usuários e Acesso,system_server,"Perfis de usuário (motorista/passageiro), permissões de apps e contas.",21,0.05%
PackageInfo,Outros / Serviços Gerais do SO,system_server,Eventos não categorizados em nenhuma categoria anterior.,21,0.05%
WifiManager,Outros / Serviços Gerais do SO,"com.android.systemui (57.1%), com.android.networkstack.process (38.1%), system_server (4.8%)",Eventos não categorizados em nenhuma categoria anterior.,21,0.05%
NRM-C-0,Outros / Serviços Gerais do SO,com.android.phone,Eventos não categorizados em nenhuma categoria anterior.,21,0.05%
bt_btif_storage,Outros / Serviços Gerais do SO,com.android.bluetooth,Eventos não categorizados em nenhuma categoria anterior.,21,0.05%
selinux,Auditoria e SELinux,servicemanager,"Daemon de auditoria do kernel (auditd), checagem de AVC denials e políticas SELinux.",20,0.04%
libbinder.BpBinder,Outros / Serviços Gerais do SO,"servicemanager (60.0%), mediaswcodec (15.0%), vold (5.0%)",Eventos não categorizados em nenhuma categoria anterior.,20,0.04%
AlarmManager,Outros / Serviços Gerais do SO,"system_server (65.0%), com.android.phone (25.0%), com.android.systemui (10.0%)",Eventos não categorizados em nenhuma categoria anterior.,20,0.04%
System,Outros / Serviços Gerais do SO,"com.android.phone (90.0%), system_server (5.0%), com.android.systemui (5.0%)",Eventos não categorizados em nenhuma categoria anterior.,20,0.04%
CarrierResolver,Subssistema Automotivo (AAOS),com.android.phone,"Barramentos veiculares, HVAC, CarService, Vehicle HAL (VHAL), Cluster e telemetria.",20,0.04%
StorageNotification,Outros / Serviços Gerais do SO,com.android.systemui,Eventos não categorizados em nenhuma categoria anterior.,20,0.04%
PlayerSettingsManager,Outros / Serviços Gerais do SO,com.android.bluetooth,Eventos não categorizados em nenhuma categoria anterior.,20,0.04%
ContactsDatabaseHelper,Outros / Serviços Gerais do SO,android.process.acore,Eventos não categorizados em nenhuma categoria anterior.,20,0.04%
car_user_svc_notify_internal_lifecycle_listener,Subssistema Automotivo (AAOS),com.android.car,"Barramentos veiculares, HVAC, CarService, Vehicle HAL (VHAL), Cluster e telemetria.",19,0.04%
CAT,Outros / Serviços Gerais do SO,com.android.phone,Eventos não categorizados em nenhuma categoria anterior.,19,0.04%
bt_osi_alarm,Outros / Serviços Gerais do SO,com.android.bluetooth,Eventos não categorizados em nenhuma categoria anterior.,19,0.04%
SystemServer,Outros / Serviços Gerais do SO,system_server,Eventos não categorizados em nenhuma categoria anterior.,18,0.04%
SoundTriggerMiddlewareImpl,Outros / Serviços Gerais do SO,system_server,Eventos não categorizados em nenhuma categoria anterior.,18,0.04%
MediaCodecList,Outros / Serviços Gerais do SO,"system_server (33.3%), pid:765 (16.7%), com.android.systemui (16.7%)",Eventos não categorizados em nenhuma categoria anterior.,18,0.04%
DeferredSmsMmsRestoreService,Outros / Serviços Gerais do SO,com.android.phone,Eventos não categorizados em nenhuma categoria anterior.,18,0.04%
androidtc,Outros / Serviços Gerais do SO,"android.ext.services (66.7%), com.android.phone (33.3%)",Eventos não categorizados em nenhuma categoria anterior.,18,0.04%
InputChannel-JNI,Outros / Serviços Gerais do SO,system_server,Eventos não categorizados em nenhuma categoria anterior.,18,0.04%
SMSDispatcher,Outros / Serviços Gerais do SO,com.android.phone,Eventos não categorizados em nenhuma categoria anterior.,18,0.04%
UiccCard,Subssistema Automotivo (AAOS),com.android.phone,"Barramentos veiculares, HVAC, CarService, Vehicle HAL (VHAL), Cluster e telemetria.",18,0.04%
BluetoothHeadsetClient,Outros / Serviços Gerais do SO,com.android.systemui,Eventos não categorizados em nenhuma categoria anterior.,18,0.04%
PickerSyncLockManager,Outros / Serviços Gerais do SO,com.android.providers.media.module,Eventos não categorizados em nenhuma categoria anterior.,18,0.04%
WM-SystemJobScheduler,Outros / Serviços Gerais do SO,"com.android.providers.media.module (50.0%), com.android.statementservice (33.3%), com.android.rkpdapp (11.1%)",Eventos não categorizados em nenhuma categoria anterior.,18,0.04%
WM-WorkConstraintsTrack,Outros / Serviços Gerais do SO,"com.android.statementservice (55.6%), com.android.devicelockcontroller (22.2%), com.android.rkpdapp (22.2%)",Eventos não categorizados em nenhuma categoria anterior.,18,0.04%
DnsResolver,Rede e Conexões,com.android.networkstack.process,"Roteamento de rede (netd), DNS (resolv), regras de iptables e conexões de depuração (adbd).",18,0.04%
uprobestatsbpfl,Auditoria e SELinux,auditd,"Daemon de auditoria do kernel (auditd), checagem de AVC denials e políticas SELinux.",17,0.04%
bootstat,Outros / Serviços Gerais do SO,"pid:3784 (52.9%), pid:749 (41.2%), pid:3124 (5.9%)",Eventos não categorizados em nenhuma categoria anterior.,17,0.04%
BootAnimation,Outros / Serviços Gerais do SO,pid:856,Eventos não categorizados em nenhuma categoria anterior.,17,0.04%
AppOps,Outros / Serviços Gerais do SO,system_server,Eventos não categorizados em nenhuma categoria anterior.,17,0.04%
NetlinkUtils,Outros / Serviços Gerais do SO,system_server,Eventos não categorizados em nenhuma categoria anterior.,17,0.04%
GnssAidl,Outros / Serviços Gerais do SO,pid:683,Eventos não categorizados em nenhuma categoria anterior.,17,0.04%
ndroid.systemui,Outros / Serviços Gerais do SO,com.android.systemui,Eventos não categorizados em nenhuma categoria anterior.,17,0.04%
AutoCaptionController,Outros / Serviços Gerais do SO,com.android.systemui,Eventos não categorizados em nenhuma categoria anterior.,17,0.04%
RecentTasksController,Outros / Serviços Gerais do SO,com.android.systemui,Eventos não categorizados em nenhuma categoria anterior.,17,0.04%
NavigationModeController,Gestão de Usuários e Acesso,com.android.systemui,"Perfis de usuário (motorista/passageiro), permissões de apps e contas.",17,0.04%
PhoneSwitcher,Outros / Serviços Gerais do SO,com.android.phone,Eventos não categorizados em nenhuma categoria anterior.,17,0.04%
NullCipherNotifier,Outros / Serviços Gerais do SO,com.android.phone,Eventos não categorizados em nenhuma categoria anterior.,17,0.04%
NitzStateMachineImpl,Outros / Serviços Gerais do SO,com.android.phone,Eventos não categorizados em nenhuma categoria anterior.,17,0.04%
CallLogProvider,Outros / Serviços Gerais do SO,android.process.acore,Eventos não categorizados em nenhuma categoria anterior.,17,0.04%
EvsApp,Outros / Serviços Gerais do SO,"pid:2530 (81.2%), pid:751 (18.8%)",Eventos não categorizados em nenhuma categoria anterior.,16,0.04%
AHAL_StreamPrimary,Subssistema Automotivo (AAOS),android.hardware.audio.service,"Barramentos veiculares, HVAC, CarService, Vehicle HAL (VHAL), Cluster e telemetria.",16,0.04%
PackageManagerTiming,Outros / Serviços Gerais do SO,system_server,Eventos não categorizados em nenhuma categoria anterior.,16,0.04%
ResourceType,Outros / Serviços Gerais do SO,idmap2d,Eventos não categorizados em nenhuma categoria anterior.,16,0.04%
CarPowerManagementService,Subssistema Automotivo (AAOS),com.android.car,Serviço de gerenciamento de energia veicular,16,0.04%
CarSettings,Subssistema Automotivo (AAOS),com.android.car.settings,"Barramentos veiculares, HVAC, CarService, Vehicle HAL (VHAL), Cluster e telemetria.",16,0.04%
LocalBluetoothProfileManager,Outros / Serviços Gerais do SO,"com.android.systemui (50.0%), com.android.car.settings (50.0%)",Eventos não categorizados em nenhuma categoria anterior.,16,0.04%
AutoTaskStackController,Subssistema Automotivo (AAOS),com.android.systemui,"Barramentos veiculares, HVAC, CarService, Vehicle HAL (VHAL), Cluster e telemetria.",16,0.04%
CarrierKeyDownloadManager [0],Subssistema Automotivo (AAOS),com.android.phone,"Barramentos veiculares, HVAC, CarService, Vehicle HAL (VHAL), Cluster e telemetria.",16,0.04%
bt_btif,Outros / Serviços Gerais do SO,com.android.bluetooth,Eventos não categorizados em nenhuma categoria anterior.,16,0.04%
WM-PackageManagerHelper,Outros / Serviços Gerais do SO,"com.android.providers.media.module (50.0%), com.android.statementservice (25.0%), com.android.devicelockcontroller (12.5%)",Eventos não categorizados em nenhuma categoria anterior.,16,0.04%
AHAL_StreamAlsaMonoPipe,Outros / Serviços Gerais do SO,android.hardware.audio.service,Eventos não categorizados em nenhuma categoria anterior.,15,0.03%
PackageWatchdog,Subssistema Automotivo (AAOS),system_server,"Barramentos veiculares, HVAC, CarService, Vehicle HAL (VHAL), Cluster e telemetria.",15,0.03%
WifiConfigManager,Outros / Serviços Gerais do SO,system_server,Eventos não categorizados em nenhuma categoria anterior.,15,0.03%
WifiP2pService,Outros / Serviços Gerais do SO,system_server,Eventos não categorizados em nenhuma categoria anterior.,15,0.03%
LockSettingsService,Gestão de Usuários e Acesso,system_server,"Perfis de usuário (motorista/passageiro), permissões de apps e contas.",15,0.03%
uc_send_user_broadcast,Gestão de Usuários e Acesso,system_server,"Perfis de usuário (motorista/passageiro), permissões de apps e contas.",15,0.03%
CarOccupantZoneService,Subssistema Automotivo (AAOS),com.android.car,"Barramentos veiculares, HVAC, CarService, Vehicle HAL (VHAL), Cluster e telemetria.",15,0.03%
PerDisplayInstanceRepo,Outros / Serviços Gerais do SO,com.android.systemui,Eventos não categorizados em nenhuma categoria anterior.,15,0.03%
DSM-I-0,Outros / Serviços Gerais do SO,com.android.phone,Eventos não categorizados em nenhuma categoria anterior.,15,0.03%
LegacyCellBroadcastContentProvider,Outros / Serviços Gerais do SO,com.android.cellbroadcastreceiver,Eventos não categorizados em nenhuma categoria anterior.,15,0.03%
TelephonyAnalyticsSubId,Outros / Serviços Gerais do SO,com.android.phone,Eventos não categorizados em nenhuma categoria anterior.,15,0.03%
CAR.ScreenOffHandler,Subssistema Automotivo (AAOS),com.android.car,"Barramentos veiculares, HVAC, CarService, Vehicle HAL (VHAL), Cluster e telemetria.",15,0.03%
CAR.AM,Subssistema Automotivo (AAOS),com.android.car,"Barramentos veiculares, HVAC, CarService, Vehicle HAL (VHAL), Cluster e telemetria.",15,0.03%
Checkpoint,Outros / Serviços Gerais do SO,vold,Eventos não categorizados em nenhuma categoria anterior.,14,0.03%
android.hardware.uwb,Outros / Serviços Gerais do SO,pid:700,Eventos não categorizados em nenhuma categoria anterior.,14,0.03%
AHAL_ModuleBluetooth,Outros / Serviços Gerais do SO,android.hardware.audio.service,Eventos não categorizados em nenhuma categoria anterior.,14,0.03%
CompatibilityRules,Outros / Serviços Gerais do SO,zygote64,Eventos não categorizados em nenhuma categoria anterior.,14,0.03%
SdkSandboxManager,Outros / Serviços Gerais do SO,system_server,Eventos não categorizados em nenhuma categoria anterior.,14,0.03%
NetworkStats,Outros / Serviços Gerais do SO,system_server,Eventos não categorizados em nenhuma categoria anterior.,14,0.03%
BluetoothAdapterState,Outros / Serviços Gerais do SO,com.android.bluetooth,Eventos não categorizados em nenhuma categoria anterior.,14,0.03%
NtnCapabilityResolver,Rede e Conexões,com.android.phone,"Roteamento de rede (netd), DNS (resolv), regras de iptables e conexões de depuração (adbd).",14,0.03%
VvmSimStateTracker,Subssistema Automotivo (AAOS),com.android.phone,"Barramentos veiculares, HVAC, CarService, Vehicle HAL (VHAL), Cluster e telemetria.",14,0.03%
MediaSessionService,Gestão de Usuários e Acesso,system_server,"Perfis de usuário (motorista/passageiro), permissões de apps e contas.",14,0.03%
bt_stack_manager,Outros / Serviços Gerais do SO,com.android.bluetooth,Eventos não categorizados em nenhuma categoria anterior.,14,0.03%
bt_btif_core,Outros / Serviços Gerais do SO,com.android.bluetooth,Eventos não categorizados em nenhuma categoria anterior.,14,0.03%
gatt_api,Outros / Serviços Gerais do SO,com.android.bluetooth,Eventos não categorizados em nenhuma categoria anterior.,14,0.03%
bt_btif_sdp_server,Outros / Serviços Gerais do SO,com.android.bluetooth,Eventos não categorizados em nenhuma categoria anterior.,14,0.03%
carui,Subssistema Automotivo (AAOS),"com.android.permissioncontroller (14.3%), com.android.managedprovisioning (14.3%), com.android.systemui (7.1%)","Barramentos veiculares, HVAC, CarService, Vehicle HAL (VHAL), Cluster e telemetria.",14,0.03%
PickerSyncController,Outros / Serviços Gerais do SO,com.android.providers.media.module,Eventos não categorizados em nenhuma categoria anterior.,14,0.03%
DockAdapter,Outros / Serviços Gerais do SO,com.android.systemui,Eventos não categorizados em nenhuma categoria anterior.,14,0.03%
ExternalStorage,Outros / Serviços Gerais do SO,com.android.externalstorage,Eventos não categorizados em nenhuma categoria anterior.,14,0.03%
usbcore,Outros / Serviços Gerais do SO,servicemanager,Eventos não categorizados em nenhuma categoria anterior.,13,0.03%
AudioSystem,Outros / Serviços Gerais do SO,"system_server (30.8%), audioserver (23.1%), com.android.car (15.4%)",Eventos não categorizados em nenhuma categoria anterior.,13,0.03%
CameraProviderManager,Outros / Serviços Gerais do SO,pid:758,Eventos não categorizados em nenhuma categoria anterior.,13,0.03%
OomAdjuster,Outros / Serviços Gerais do SO,system_server,Ajuste de prioridades e estados de ciclo de vida dos processos na RAM,13,0.03%
PermissionMonitor,Gestão de Usuários e Acesso,system_server,"Perfis de usuário (motorista/passageiro), permissões de apps e contas.",13,0.03%
volume_changed,Outros / Serviços Gerais do SO,system_server,Eventos não categorizados em nenhuma categoria anterior.,13,0.03%
TransitionChain,Outros / Serviços Gerais do SO,system_server,Eventos não categorizados em nenhuma categoria anterior.,13,0.03%
droid.bluetooth,Outros / Serviços Gerais do SO,com.android.bluetooth,Eventos não categorizados em nenhuma categoria anterior.,13,0.03%
ActivityThread,Outros / Serviços Gerais do SO,"com.android.car.settings (30.8%), com.android.providers.media.module (30.8%), com.android.systemui (23.1%)",Eventos não categorizados em nenhuma categoria anterior.,13,0.03%
notification_cancel_all,Outros / Serviços Gerais do SO,system_server,Eventos não categorizados em nenhuma categoria anterior.,13,0.03%
NRM-I-0,Outros / Serviços Gerais do SO,com.android.phone,Eventos não categorizados em nenhuma categoria anterior.,13,0.03%
SatelliteModemInterface,Outros / Serviços Gerais do SO,com.android.phone,Eventos não categorizados em nenhuma categoria anterior.,13,0.03%
SimultaneousCallingTracker,Outros / Serviços Gerais do SO,com.android.phone,Eventos não categorizados em nenhuma categoria anterior.,13,0.03%
WM-WorkerWrapper,Outros / Serviços Gerais do SO,com.android.providers.media.module,Eventos não categorizados em nenhuma categoria anterior.,13,0.03%
audit,Auditoria e SELinux,servicemanager,"Daemon de auditoria do kernel (auditd), checagem de AVC denials e políticas SELinux.",12,0.03%
evsmanagerd,Outros / Serviços Gerais do SO,pid:629,Eventos não categorizados em nenhuma categoria anterior.,12,0.03%
AHAL_ModuleRemoteSubmix,Outros / Serviços Gerais do SO,android.hardware.audio.service,Eventos não categorizados em nenhuma categoria anterior.,12,0.03%
StreamConfigurationMap,Outros / Serviços Gerais do SO,pid:714,Eventos não categorizados em nenhuma categoria anterior.,12,0.03%
EmulatedCameraDeviceInfo,Outros / Serviços Gerais do SO,pid:714,Eventos não categorizados em nenhuma categoria anterior.,12,0.03%
SLog,Outros / Serviços Gerais do SO,"system_server (16.7%), com.android.car (16.7%), com.android.systemui (16.7%)",Eventos não categorizados em nenhuma categoria anterior.,12,0.03%
LocationManagerService,Outros / Serviços Gerais do SO,system_server,Eventos não categorizados em nenhuma categoria anterior.,12,0.03%
TetheringManager,Outros / Serviços Gerais do SO,"com.android.bluetooth (41.7%), system_server (25.0%), com.android.systemui (16.7%)",Eventos não categorizados em nenhuma categoria anterior.,12,0.03%
BiometricStateCallback,Gestão de Usuários e Acesso,system_server,"Perfis de usuário (motorista/passageiro), permissões de apps e contas.",12,0.03%
StatsPullAtomService,Outros / Serviços Gerais do SO,system_server,Eventos não categorizados em nenhuma categoria anterior.,12,0.03%
isAtLeastRelease,Outros / Serviços Gerais do SO,mediaswcodec,Eventos não categorizados em nenhuma categoria anterior.,12,0.03%
C2SoftVpxEnc,Outros / Serviços Gerais do SO,mediaswcodec,Eventos não categorizados em nenhuma categoria anterior.,12,0.03%
car_service_on_user_lifecycle,Subssistema Automotivo (AAOS),com.android.car,"Barramentos veiculares, HVAC, CarService, Vehicle HAL (VHAL), Cluster e telemetria.",12,0.03%
Looper,Outros / Serviços Gerais do SO,"system_server (66.7%), com.android.systemui (33.3%)",Eventos não categorizados em nenhuma categoria anterior.,12,0.03%
CorePackageUpdate,Outros / Serviços Gerais do SO,system_server,Eventos não categorizados em nenhuma categoria anterior.,12,0.03%
ShellTaskOrganizer,Outros / Serviços Gerais do SO,com.android.systemui,Eventos não categorizados em nenhuma categoria anterior.,12,0.03%
KeyguardViewMediator,Gestão de Usuários e Acesso,com.android.systemui,"Perfis de usuário (motorista/passageiro), permissões de apps e contas.",12,0.03%
WM-ForceStopRunnable,Outros / Serviços Gerais do SO,"com.android.providers.media.module (33.3%), com.android.statementservice (33.3%), com.android.devicelockcontroller (16.7%)",Eventos não categorizados em nenhuma categoria anterior.,12,0.03%
AppHibernationService,Gestão de Usuários e Acesso,system_server,"Perfis de usuário (motorista/passageiro), permissões de apps e contas.",12,0.03%
HibernationPolicy,Outros / Serviços Gerais do SO,com.android.permissioncontroller,Eventos não categorizados em nenhuma categoria anterior.,12,0.03%
CarrierDefaultBroadcastReceiver,Subssistema Automotivo (AAOS),com.android.carrierdefaultapp,"Barramentos veiculares, HVAC, CarService, Vehicle HAL (VHAL), Cluster e telemetria.",12,0.03%
WM-Processor,Outros / Serviços Gerais do SO,com.android.providers.media.module,Eventos não categorizados em nenhuma categoria anterior.,12,0.03%
PCI,Outros / Serviços Gerais do SO,servicemanager,Eventos não categorizados em nenhuma categoria anterior.,11,0.02%
erofs,Outros / Serviços Gerais do SO,servicemanager,Eventos não categorizados em nenhuma categoria anterior.,11,0.02%
logd,Outros / Serviços Gerais do SO,"servicemanager (90.9%), auditd (9.1%)",Eventos não categorizados em nenhuma categoria anterior.,11,0.02%
hw-ProcessState,Outros / Serviços Gerais do SO,"vold (9.1%), servicemanager (9.1%), pid:654 (9.1%)",Eventos não categorizados em nenhuma categoria anterior.,11,0.02%
odsign,Outros / Serviços Gerais do SO,pid:618,Eventos não categorizados em nenhuma categoria anterior.,11,0.02%
android.hardware.graphics.allocator-service.minigbm,Outros / Serviços Gerais do SO,pid:710,Eventos não categorizados em nenhuma categoria anterior.,11,0.02%
SensorService,Outros / Serviços Gerais do SO,system_server,Gerenciamento e distribuição de eventos de sensores físicos,11,0.02%
InsetsController,Outros / Serviços Gerais do SO,"system_server (36.4%), com.android.systemui (36.4%), android.car.cluster (18.2%)",Eventos não categorizados em nenhuma categoria anterior.,11,0.02%
ContextHubService,Outros / Serviços Gerais do SO,system_server,Eventos não categorizados em nenhuma categoria anterior.,11,0.02%
FingerprintVirtualHal,Outros / Serviços Gerais do SO,VirtualHalConfig,Eventos não categorizados em nenhuma categoria anterior.,11,0.02%
DisplayPowerController[0],Outros / Serviços Gerais do SO,system_server,Eventos não categorizados em nenhuma categoria anterior.,11,0.02%
DisplayPowerController[2],Outros / Serviços Gerais do SO,system_server,Eventos não categorizados em nenhuma categoria anterior.,11,0.02%
DisplayPowerController[3],Outros / Serviços Gerais do SO,system_server,Eventos não categorizados em nenhuma categoria anterior.,11,0.02%
DeviceLockService,Gestão de Usuários e Acesso,system_server,"Perfis de usuário (motorista/passageiro), permissões de apps e contas.",11,0.02%
CAR.InitTiming,Subssistema Automotivo (AAOS),com.android.car,"Barramentos veiculares, HVAC, CarService, Vehicle HAL (VHAL), Cluster e telemetria.",11,0.02%
ExplicitHealthCheckController,Outros / Serviços Gerais do SO,system_server,Eventos não categorizados em nenhuma categoria anterior.,11,0.02%
WindowTokenClientController,Outros / Serviços Gerais do SO,system_server,Eventos não categorizados em nenhuma categoria anterior.,11,0.02%
PhoneFactory,Outros / Serviços Gerais do SO,com.android.phone,Eventos não categorizados em nenhuma categoria anterior.,11,0.02%
TelephonyCountryDetector,Outros / Serviços Gerais do SO,com.android.phone,Eventos não categorizados em nenhuma categoria anterior.,11,0.02%
OverlayViewGlobalStateController,Subssistema Automotivo (AAOS),com.android.systemui,"Barramentos veiculares, HVAC, CarService, Vehicle HAL (VHAL), Cluster e telemetria.",11,0.02%
TaskPersister,Outros / Serviços Gerais do SO,system_server,Eventos não categorizados em nenhuma categoria anterior.,11,0.02%
CarProvision,Subssistema Automotivo (AAOS),com.android.car.provision,"Barramentos veiculares, HVAC, CarService, Vehicle HAL (VHAL), Cluster e telemetria.",11,0.02%
CAM_Profiler,Outros / Serviços Gerais do SO,com.android.camera2,Eventos não categorizados em nenhuma categoria anterior.,11,0.02%
FrameTracker,Outros / Serviços Gerais do SO,com.android.systemui,Eventos não categorizados em nenhuma categoria anterior.,11,0.02%
hwservicemanager,Outros / Serviços Gerais do SO,hwservicemanager,Eventos não categorizados em nenhuma categoria anterior.,10,0.02%
rcu,Outros / Serviços Gerais do SO,servicemanager,Eventos não categorizados em nenhuma categoria anterior.,10,0.02%
device-mapper,Outros / Serviços Gerais do SO,servicemanager,Eventos não categorizados em nenhuma categoria anterior.,10,0.02%
incfs,Outros / Serviços Gerais do SO,"vold (50.0%), system_server (50.0%)",Eventos não categorizados em nenhuma categoria anterior.,10,0.02%
odrefresh,Outros / Serviços Gerais do SO,"pid:619 (40.0%), pid:620 (40.0%), pid:618 (20.0%)",Eventos não categorizados em nenhuma categoria anterior.,10,0.02%
android.hardware.automotive.evs-aidl-default-service,Outros / Serviços Gerais do SO,pid:628,Eventos não categorizados em nenhuma categoria anterior.,10,0.02%
RanchuHwc,Outros / Serviços Gerais do SO,pid:684,Eventos não categorizados em nenhuma categoria anterior.,10,0.02%
BatteryStatsImpl,Outros / Serviços Gerais do SO,system_server,Eventos não categorizados em nenhuma categoria anterior.,10,0.02%
android.hardware.power-service.example,Outros / Serviços Gerais do SO,pid:691,Eventos não categorizados em nenhuma categoria anterior.,10,0.02%
LogicalDisplayMapper,Outros / Serviços Gerais do SO,system_server,Eventos não categorizados em nenhuma categoria anterior.,10,0.02%
OverlayManager,Outros / Serviços Gerais do SO,system_server,Eventos não categorizados em nenhuma categoria anterior.,10,0.02%
TransparencyService,Outros / Serviços Gerais do SO,system_server,Eventos não categorizados em nenhuma categoria anterior.,10,0.02%
InputMethodManagerService,Gestão de Usuários e Acesso,system_server,"Perfis de usuário (motorista/passageiro), permissões de apps e contas.",10,0.02%
WifiCountryCode,Outros / Serviços Gerais do SO,system_server,Eventos não categorizados em nenhuma categoria anterior.,10,0.02%
stream_devices_changed,Outros / Serviços Gerais do SO,system_server,Eventos não categorizados em nenhuma categoria anterior.,10,0.02%
ComputerControlAllowlistController,Outros / Serviços Gerais do SO,system_server,Eventos não categorizados em nenhuma categoria anterior.,10,0.02%
ALSProbe,Outros / Serviços Gerais do SO,system_server,Eventos não categorizados em nenhuma categoria anterior.,10,0.02%
AutofillManagerService,Outros / Serviços Gerais do SO,system_server,Eventos não categorizados em nenhuma categoria anterior.,10,0.02%
BrightnessThermalClamper,Outros / Serviços Gerais do SO,system_server,Eventos não categorizados em nenhuma categoria anterior.,10,0.02%
WifiSettingsConfigStore,Outros / Serviços Gerais do SO,system_server,Eventos não categorizados em nenhuma categoria anterior.,10,0.02%
GameManagerService,Gestão de Usuários e Acesso,system_server,"Perfis de usuário (motorista/passageiro), permissões de apps e contas.",10,0.02%
ApConfigUtil,Outros / Serviços Gerais do SO,system_server,Eventos não categorizados em nenhuma categoria anterior.,10,0.02%
CarUxRManager,Subssistema Automotivo (AAOS),"com.android.systemui (60.0%), com.android.car.settings (30.0%), com.android.car.carlauncher (10.0%)","Barramentos veiculares, HVAC, CarService, Vehicle HAL (VHAL), Cluster e telemetria.",10,0.02%
SSCtr-0,Outros / Serviços Gerais do SO,com.android.phone,Eventos não categorizados em nenhuma categoria anterior.,10,0.02%
DRM-0,Outros / Serviços Gerais do SO,com.android.phone,Eventos não categorizados em nenhuma categoria anterior.,10,0.02%
bt_btif_sock,Outros / Serviços Gerais do SO,com.android.bluetooth,Eventos não categorizados em nenhuma categoria anterior.,10,0.02%
UsageStatsService,Gestão de Usuários e Acesso,system_server,"Perfis de usuário (motorista/passageiro), permissões de apps e contas.",10,0.02%
extservices,Outros / Serviços Gerais do SO,android.ext.services,Eventos não categorizados em nenhuma categoria anterior.,10,0.02%
NET,Outros / Serviços Gerais do SO,servicemanager,Eventos não categorizados em nenhuma categoria anterior.,9,0.02%
vdc,Criptografia e Chaves,servicemanager,"Keystore2, KeyMint, File-Based Encryption (FBE) e montagem de storage (vold).",9,0.02%
C2Store,Outros / Serviços Gerais do SO,"mediaswcodec (55.6%), system_server (22.2%), com.android.systemui (22.2%)",Eventos não categorizados em nenhuma categoria anterior.,9,0.02%
DisplayDeviceRepository,Gestão de Usuários e Acesso,system_server,"Perfis de usuário (motorista/passageiro), permissões de apps e contas.",9,0.02%
UserManagerService,Gestão de Usuários e Acesso,system_server,"Perfis de usuário (motorista/passageiro), permissões de apps e contas.",9,0.02%
SettingsProvider,Gestão de Usuários e Acesso,system_server,"Perfis de usuário (motorista/passageiro), permissões de apps e contas.",9,0.02%
InputManager-JNI,Outros / Serviços Gerais do SO,system_server,Eventos não categorizados em nenhuma categoria anterior.,9,0.02%
ConnectivityModuleConnector,Outros / Serviços Gerais do SO,system_server,Eventos não categorizados em nenhuma categoria anterior.,9,0.02%
InternalCleanupClient,Gestão de Usuários e Acesso,system_server,"Perfis de usuário (motorista/passageiro), permissões de apps e contas.",9,0.02%
am_uid_stopped,Outros / Serviços Gerais do SO,system_server,Eventos não categorizados em nenhuma categoria anterior.,9,0.02%
AGnssAidl,Outros / Serviços Gerais do SO,pid:683,Eventos não categorizados em nenhuma categoria anterior.,9,0.02%
ParceledListSlice,Outros / Serviços Gerais do SO,system_server,Eventos não categorizados em nenhuma categoria anterior.,9,0.02%
RoleService,Outros / Serviços Gerais do SO,system_server,Eventos não categorizados em nenhuma categoria anterior.,9,0.02%
CarStorageMonitoringService,Subssistema Automotivo (AAOS),com.android.car,"Barramentos veiculares, HVAC, CarService, Vehicle HAL (VHAL), Cluster e telemetria.",9,0.02%
Codec2-ComponentInterface,Outros / Serviços Gerais do SO,mediaswcodec,Eventos não categorizados em nenhuma categoria anterior.,9,0.02%
SimpleC2Component,Outros / Serviços Gerais do SO,mediaswcodec,Eventos não categorizados em nenhuma categoria anterior.,9,0.02%
notification_enqueue,Outros / Serviços Gerais do SO,system_server,Eventos não categorizados em nenhuma categoria anterior.,9,0.02%
car_user_svc_notify_app_lifecycle_listener,Subssistema Automotivo (AAOS),com.android.car,"Barramentos veiculares, HVAC, CarService, Vehicle HAL (VHAL), Cluster e telemetria.",9,0.02%
car_user_mgr_notify_lifecycle_listener,Subssistema Automotivo (AAOS),"com.android.systemui (88.9%), com.android.car.carlauncher (11.1%)","Barramentos veiculares, HVAC, CarService, Vehicle HAL (VHAL), Cluster e telemetria.",9,0.02%
input_focus,Subssistema Automotivo (AAOS),"system_server (77.8%), com.google.android.car.kitchensink (11.1%), android.car.cluster (11.1%)","Barramentos veiculares, HVAC, CarService, Vehicle HAL (VHAL), Cluster e telemetria.",9,0.02%
AutofillUI,Outros / Serviços Gerais do SO,system_server,Eventos não categorizados em nenhuma categoria anterior.,9,0.02%
KeyguardTransitionRepository,Gestão de Usuários e Acesso,com.android.systemui,"Perfis de usuário (motorista/passageiro), permissões de apps e contas.",9,0.02%
CAR.PropertyHalServiceConfigs,Subssistema Automotivo (AAOS),com.android.car,"Barramentos veiculares, HVAC, CarService, Vehicle HAL (VHAL), Cluster e telemetria.",9,0.02%
KeyguardTransitionCoreStartable,Gestão de Usuários e Acesso,com.android.systemui,"Perfis de usuário (motorista/passageiro), permissões de apps e contas.",9,0.02%
DefaultCarrierConfigService,Subssistema Automotivo (AAOS),com.android.carrierconfig,"Barramentos veiculares, HVAC, CarService, Vehicle HAL (VHAL), Cluster e telemetria.",9,0.02%
BluetoothMetricsLogger,Outros / Serviços Gerais do SO,com.android.bluetooth,Eventos não categorizados em nenhuma categoria anterior.,9,0.02%
bt_osi_thread,Outros / Serviços Gerais do SO,com.android.bluetooth,Eventos não categorizados em nenhuma categoria anterior.,9,0.02%
stack_app,Outros / Serviços Gerais do SO,com.android.bluetooth,Eventos não categorizados em nenhuma categoria anterior.,9,0.02%
bt_port_api,Auditoria e SELinux,com.android.bluetooth,"Daemon de auditoria do kernel (auditd), checagem de AVC denials e políticas SELinux.",9,0.02%
AutofillManager,Outros / Serviços Gerais do SO,"com.android.systemui (77.8%), com.android.car.mapsplaceholder (11.1%), android.car.cluster (11.1%)",Eventos não categorizados em nenhuma categoria anterior.,9,0.02%
UwbCountryCode,Outros / Serviços Gerais do SO,system_server,Eventos não categorizados em nenhuma categoria anterior.,9,0.02%
AlarmClock,Outros / Serviços Gerais do SO,com.android.deskclock,Eventos não categorizados em nenhuma categoria anterior.,9,0.02%
HealthConnectAlter,Outros / Serviços Gerais do SO,system_server,Eventos não categorizados em nenhuma categoria anterior.,9,0.02%
MediaSource,Subssistema Automotivo (AAOS),"com.android.car.carlauncher (55.6%), com.android.car.media (44.4%)","Barramentos veiculares, HVAC, CarService, Vehicle HAL (VHAL), Cluster e telemetria.",9,0.02%
MessagingApp,Outros / Serviços Gerais do SO,com.android.messaging,Eventos não categorizados em nenhuma categoria anterior.,9,0.02%
lowmemorykiller,Integridade e Estabilidade,lowmemorykiller,Monitor de pressão de memória do kernel (PSI) para descarte preventivo de processos,8,0.02%
pci_bus 0000,Outros / Serviços Gerais do SO,servicemanager,Eventos não categorizados em nenhuma categoria anterior.,8,0.02%
input,Gestão de Usuários e Acesso,servicemanager,"Perfis de usuário (motorista/passageiro), permissões de apps e contas.",8,0.02%
ueventd,Outros / Serviços Gerais do SO,servicemanager,Eventos não categorizados em nenhuma categoria anterior.,8,0.02%
android.hardware.automotive.vehicle@V4-cf-service,Subssistema Automotivo (AAOS),"pid:492 (87.5%), pid:461 (12.5%)","Barramentos veiculares, HVAC, CarService, Vehicle HAL (VHAL), Cluster e telemetria.",8,0.02%
F2FS-fs (dm-17),Outros / Serviços Gerais do SO,servicemanager,Eventos não categorizados em nenhuma categoria anterior.,8,0.02%
wpa_supplicant,Outros / Serviços Gerais do SO,pid:491,Eventos não categorizados em nenhuma categoria anterior.,8,0.02%
FactoryHal,Outros / Serviços Gerais do SO,audioserver,Eventos não categorizados em nenhuma categoria anterior.,8,0.02%
CameraService,Outros / Serviços Gerais do SO,pid:758,Eventos não categorizados em nenhuma categoria anterior.,8,0.02%
EmulatedCameraDeviceHwlImpl,Outros / Serviços Gerais do SO,pid:714,Eventos não categorizados em nenhuma categoria anterior.,8,0.02%
libbinder.IPCThreadState,Outros / Serviços Gerais do SO,"pid:856 (37.5%), system_server (25.0%), pid:421 (12.5%)",Eventos não categorizados em nenhuma categoria anterior.,8,0.02%
Resources,Outros / Serviços Gerais do SO,zygote64,Eventos não categorizados em nenhuma categoria anterior.,8,0.02%
ModemPowerProfile,Outros / Serviços Gerais do SO,system_server,Eventos não categorizados em nenhuma categoria anterior.,8,0.02%
DesktopExperienceFlags,Outros / Serviços Gerais do SO,"system_server (12.5%), com.android.systemui (12.5%), com.android.car.provision (12.5%)",Eventos não categorizados em nenhuma categoria anterior.,8,0.02%
SettingsState,Gestão de Usuários e Acesso,system_server,"Perfis de usuário (motorista/passageiro), permissões de apps e contas.",8,0.02%
AudioPolicyInterfaceImpl,Outros / Serviços Gerais do SO,audioserver,Eventos não categorizados em nenhuma categoria anterior.,8,0.02%
BiometricSchedulerOperation,Gestão de Usuários e Acesso,system_server,"Perfis de usuário (motorista/passageiro), permissões de apps e contas.",8,0.02%
MediaCodecListGenerator,Outros / Serviços Gerais do SO,"pid:2987 (50.0%), pid:3918 (50.0%)",Eventos não categorizados em nenhuma categoria anterior.,8,0.02%
ZygoteProcess,Outros / Serviços Gerais do SO,system_server,Eventos não categorizados em nenhuma categoria anterior.,8,0.02%
SplitController,Outros / Serviços Gerais do SO,com.android.car.settings,Eventos não categorizados em nenhuma categoria anterior.,8,0.02%
DisplayManager,Outros / Serviços Gerais do SO,"com.android.car.settings (12.5%), com.android.systemui (12.5%), com.google.android.car.kitchensink (12.5%)",Eventos não categorizados em nenhuma categoria anterior.,8,0.02%
CarrierIdProvider,Subssistema Automotivo (AAOS),com.android.phone,"Barramentos veiculares, HVAC, CarService, Vehicle HAL (VHAL), Cluster e telemetria.",8,0.02%
DeviceLockControllerConnectorImpl,Outros / Serviços Gerais do SO,system_server,Eventos não categorizados em nenhuma categoria anterior.,8,0.02%
PhoneGlobals,Outros / Serviços Gerais do SO,com.android.phone,Eventos não categorizados em nenhuma categoria anterior.,8,0.02%
SystemUIOverlayWM,Subssistema Automotivo (AAOS),com.android.systemui,"Barramentos veiculares, HVAC, CarService, Vehicle HAL (VHAL), Cluster e telemetria.",8,0.02%
UsimFH,Outros / Serviços Gerais do SO,com.android.phone,Eventos não categorizados em nenhuma categoria anterior.,8,0.02%
device_iot_config,Outros / Serviços Gerais do SO,com.android.bluetooth,Eventos não categorizados em nenhuma categoria anterior.,8,0.02%
bt_shim_scanner,Outros / Serviços Gerais do SO,com.android.bluetooth,Eventos não categorizados em nenhuma categoria anterior.,8,0.02%
PrivacyChip,Outros / Serviços Gerais do SO,com.android.systemui,Eventos não categorizados em nenhuma categoria anterior.,8,0.02%
BluetoothSocketManagerBinder,Outros / Serviços Gerais do SO,com.android.bluetooth,Eventos não categorizados em nenhuma categoria anterior.,8,0.02%
CarHeadsUpNotificationManager,Subssistema Automotivo (AAOS),com.android.systemui,"Barramentos veiculares, HVAC, CarService, Vehicle HAL (VHAL), Cluster e telemetria.",8,0.02%
StorageUserConnection,Gestão de Usuários e Acesso,system_server,"Perfis de usuário (motorista/passageiro), permissões de apps e contas.",8,0.02%
AppSearchUserInstanceMa,Gestão de Usuários e Acesso,system_server,"Perfis de usuário (motorista/passageiro), permissões de apps e contas.",8,0.02%
TranscodeHelper,Outros / Serviços Gerais do SO,com.android.providers.media.module,Eventos não categorizados em nenhuma categoria anterior.,8,0.02%
AutofillManagerServiceImpl,Gestão de Usuários e Acesso,system_server,"Perfis de usuário (motorista/passageiro), permissões de apps e contas.",8,0.02%
CarMediaManagerHelper,Subssistema Automotivo (AAOS),"com.android.car.carlauncher (50.0%), com.android.car.media (50.0%)","Barramentos veiculares, HVAC, CarService, Vehicle HAL (VHAL), Cluster e telemetria.",8,0.02%
StorageManager,Outros / Serviços Gerais do SO,com.android.providers.media.module,Eventos não categorizados em nenhuma categoria anterior.,8,0.02%
surfaceview_callback,Subssistema Automotivo (AAOS),"com.android.car.carlauncher (62.5%), android.car.cluster (37.5%)","Barramentos veiculares, HVAC, CarService, Vehicle HAL (VHAL), Cluster e telemetria.",8,0.02%
CarrierActionUtils,Subssistema Automotivo (AAOS),com.android.carrierdefaultapp,"Barramentos veiculares, HVAC, CarService, Vehicle HAL (VHAL), Cluster e telemetria.",8,0.02%
DockViewModel,Outros / Serviços Gerais do SO,com.android.systemui,Eventos não categorizados em nenhuma categoria anterior.,8,0.02%
ContactsProvider,Outros / Serviços Gerais do SO,android.process.acore,Eventos não categorizados em nenhuma categoria anterior.,8,0.02%
BootReceiver,Outros / Serviços Gerais do SO,system_server,Eventos não categorizados em nenhuma categoria anterior.,8,0.02%
Cluster.Service,Subssistema Automotivo (AAOS),android.car.cluster,"Barramentos veiculares, HVAC, CarService, Vehicle HAL (VHAL), Cluster e telemetria.",8,0.02%
SntpClient,Outros / Serviços Gerais do SO,system_server,Eventos não categorizados em nenhuma categoria anterior.,8,0.02%
clocksource,Outros / Serviços Gerais do SO,servicemanager,Eventos não categorizados em nenhuma categoria anterior.,7,0.02%
CPU topo,Outros / Serviços Gerais do SO,servicemanager,Eventos não categorizados em nenhuma categoria anterior.,7,0.02%
aconfigd_rust,Outros / Serviços Gerais do SO,servicemanager,Eventos não categorizados em nenhuma categoria anterior.,7,0.02%
mke2fs,Outros / Serviços Gerais do SO,servicemanager,Eventos não categorizados em nenhuma categoria anterior.,7,0.02%
liblog,Outros / Serviços Gerais do SO,"system_server (85.7%), pid:392 (14.3%)",Eventos não categorizados em nenhuma categoria anterior.,7,0.02%
cameraserver,Outros / Serviços Gerais do SO,pid:758,Eventos não categorizados em nenhuma categoria anterior.,7,0.02%
Zygote64Timing,Outros / Serviços Gerais do SO,zygote64,Eventos não categorizados em nenhuma categoria anterior.,7,0.02%
SupervisionService,Outros / Serviços Gerais do SO,system_server,Eventos não categorizados em nenhuma categoria anterior.,7,0.02%
wm_task_created,Outros / Serviços Gerais do SO,system_server,Eventos não categorizados em nenhuma categoria anterior.,7,0.02%
PinnerService,Subssistema Automotivo (AAOS),system_server,"Barramentos veiculares, HVAC, CarService, Vehicle HAL (VHAL), Cluster e telemetria.",7,0.02%
ConnectivityServiceInitializer,Outros / Serviços Gerais do SO,system_server,Eventos não categorizados em nenhuma categoria anterior.,7,0.02%
ConditionProviders.SCP,Outros / Serviços Gerais do SO,system_server,Eventos não categorizados em nenhuma categoria anterior.,7,0.02%
UsbPortManager,Outros / Serviços Gerais do SO,system_server,Eventos não categorizados em nenhuma categoria anterior.,7,0.02%
AS.AudioDeviceBroker,Outros / Serviços Gerais do SO,system_server,Eventos não categorizados em nenhuma categoria anterior.,7,0.02%
AppShortcutManager,Outros / Serviços Gerais do SO,system_server,Eventos não categorizados em nenhuma categoria anterior.,7,0.02%
CarServiceHelper,Subssistema Automotivo (AAOS),system_server,"Barramentos veiculares, HVAC, CarService, Vehicle HAL (VHAL), Cluster e telemetria.",7,0.02%
GnssManager,Outros / Serviços Gerais do SO,system_server,Eventos não categorizados em nenhuma categoria anterior.,7,0.02%
C2SoftH263Enc,Outros / Serviços Gerais do SO,mediaswcodec,Eventos não categorizados em nenhuma categoria anterior.,7,0.02%
UserController.UserState,Gestão de Usuários e Acesso,system_server,"Perfis de usuário (motorista/passageiro), permissões de apps e contas.",7,0.02%
wm_on_create_called,Subssistema Automotivo (AAOS),"com.android.car.mapsplaceholder (28.6%), android.car.cluster (28.6%), com.android.car.settings (14.3%)","Barramentos veiculares, HVAC, CarService, Vehicle HAL (VHAL), Cluster e telemetria.",7,0.02%
VRI[FallbackHome],Outros / Serviços Gerais do SO,com.android.car.settings,Eventos não categorizados em nenhuma categoria anterior.,7,0.02%
WindowOnBackDispatcher,Outros / Serviços Gerais do SO,"com.android.car.settings (28.6%), android.car.cluster (28.6%), com.google.android.car.kitchensink (14.3%)",Eventos não categorizados em nenhuma categoria anterior.,7,0.02%
CoreBackPreview,Subssistema Automotivo (AAOS),system_server,"Barramentos veiculares, HVAC, CarService, Vehicle HAL (VHAL), Cluster e telemetria.",7,0.02%
UwbConfigStore,Gestão de Usuários e Acesso,system_server,"Perfis de usuário (motorista/passageiro), permissões de apps e contas.",7,0.02%
Ts43PhoneNumberController,Outros / Serviços Gerais do SO,com.android.phone,Eventos não categorizados em nenhuma categoria anterior.,7,0.02%
RadioConfig,Outros / Serviços Gerais do SO,com.android.phone,Eventos não categorizados em nenhuma categoria anterior.,7,0.02%
PinStorage,Gestão de Usuários e Acesso,com.android.phone,"Perfis de usuário (motorista/passageiro), permissões de apps e contas.",7,0.02%
CellBroadcastServiceManager,Outros / Serviços Gerais do SO,com.android.phone,Eventos não categorizados em nenhuma categoria anterior.,7,0.02%
SmsApplication,Outros / Serviços Gerais do SO,"com.android.phone (57.1%), com.android.messaging (42.9%)",Eventos não categorizados em nenhuma categoria anterior.,7,0.02%
PhoneCfgMgr,Outros / Serviços Gerais do SO,com.android.phone,Eventos não categorizados em nenhuma categoria anterior.,7,0.02%
CarSystemBarController,Subssistema Automotivo (AAOS),com.android.systemui,"Barramentos veiculares, HVAC, CarService, Vehicle HAL (VHAL), Cluster e telemetria.",7,0.02%
CellBroadcastConfigService,Outros / Serviços Gerais do SO,com.android.cellbroadcastreceiver.module,Eventos não categorizados em nenhuma categoria anterior.,7,0.02%
UiccCardApplication [0],Subssistema Automotivo (AAOS),com.android.phone,"Barramentos veiculares, HVAC, CarService, Vehicle HAL (VHAL), Cluster e telemetria.",7,0.02%
ControllerMetricsStats,Subssistema Automotivo (AAOS),com.android.phone,"Barramentos veiculares, HVAC, CarService, Vehicle HAL (VHAL), Cluster e telemetria.",7,0.02%
NotificationHistory,Gestão de Usuários e Acesso,system_server,"Perfis de usuário (motorista/passageiro), permissões de apps e contas.",7,0.02%
bluetooth-a2dp-aidl,Outros / Serviços Gerais do SO,com.android.bluetooth,Eventos não categorizados em nenhuma categoria anterior.,7,0.02%
WifiHealthMonitor,Outros / Serviços Gerais do SO,system_server,Monitoramento de integridade e escaneamento da interface Wi-Fi,7,0.02%
TextServicesManagerService,Outros / Serviços Gerais do SO,system_server,Eventos não categorizados em nenhuma categoria anterior.,7,0.02%
CAR.MEDIA,Subssistema Automotivo (AAOS),com.android.car,"Barramentos veiculares, HVAC, CarService, Vehicle HAL (VHAL), Cluster e telemetria.",7,0.02%
am_kill,Outros / Serviços Gerais do SO,system_server,Eventos não categorizados em nenhuma categoria anterior.,7,0.02%
DockItemViewController,Outros / Serviços Gerais do SO,com.android.systemui,Eventos não categorizados em nenhuma categoria anterior.,7,0.02%
BIOS-e820,Outros / Serviços Gerais do SO,servicemanager,Eventos não categorizados em nenhuma categoria anterior.,6,0.01%
printk,Outros / Serviços Gerais do SO,servicemanager,Eventos não categorizados em nenhuma categoria anterior.,6,0.01%
mtrr,Outros / Serviços Gerais do SO,servicemanager,Eventos não categorizados em nenhuma categoria anterior.,6,0.01%
kvm-guest,Outros / Serviços Gerais do SO,servicemanager,Eventos não categorizados em nenhuma categoria anterior.,6,0.01%
kvm_amd,Outros / Serviços Gerais do SO,servicemanager,Eventos não categorizados em nenhuma categoria anterior.,6,0.01%
F2FS-fs (vda9),Outros / Serviços Gerais do SO,servicemanager,Eventos não categorizados em nenhuma categoria anterior.,6,0.01%
usb3,Outros / Serviços Gerais do SO,servicemanager,Eventos não categorizados em nenhuma categoria anterior.,6,0.01%
MediaUtils,Outros / Serviços Gerais do SO,"pid:764 (33.3%), mediaextractor (33.3%), audioserver (33.3%)",Eventos não categorizados em nenhuma categoria anterior.,6,0.01%
audioserver_main,Outros / Serviços Gerais do SO,audioserver,Eventos não categorizados em nenhuma categoria anterior.,6,0.01%
GCH_CameraProvider,Outros / Serviços Gerais do SO,pid:714,Eventos não categorizados em nenhuma categoria anterior.,6,0.01%
LocalDisplayAdapter,Outros / Serviços Gerais do SO,system_server,Eventos não categorizados em nenhuma categoria anterior.,6,0.01%
service_manager_stats,Outros / Serviços Gerais do SO,"system_server (66.7%), com.android.phone (33.3%)",Eventos não categorizados em nenhuma categoria anterior.,6,0.01%
WifiContext,Gestão de Usuários e Acesso,system_server,"Perfis de usuário (motorista/passageiro), permissões de apps e contas.",6,0.01%
FingerprintProvider/default,Outros / Serviços Gerais do SO,system_server,Eventos não categorizados em nenhuma categoria anterior.,6,0.01%
SoundTriggerService,Outros / Serviços Gerais do SO,system_server,Eventos não categorizados em nenhuma categoria anterior.,6,0.01%
DisplayBrightnessStrategySelector,Outros / Serviços Gerais do SO,system_server,Eventos não categorizados em nenhuma categoria anterior.,6,0.01%
TestHarnessModeService,Outros / Serviços Gerais do SO,system_server,Eventos não categorizados em nenhuma categoria anterior.,6,0.01%
Nl80211Proxy,Outros / Serviços Gerais do SO,system_server,Eventos não categorizados em nenhuma categoria anterior.,6,0.01%
ApexCodecsLazy,Outros / Serviços Gerais do SO,"com.android.providers.media.module (33.3%), pid:2987 (16.7%), system_server (16.7%)",Eventos não categorizados em nenhuma categoria anterior.,6,0.01%
Codec2Client,Outros / Serviços Gerais do SO,"com.android.providers.media.module (33.3%), pid:2987 (16.7%), system_server (16.7%)",Eventos não categorizados em nenhuma categoria anterior.,6,0.01%
GnssCallbackJni,Outros / Serviços Gerais do SO,system_server,Eventos não categorizados em nenhuma categoria anterior.,6,0.01%
C2SoftIamfDec,Outros / Serviços Gerais do SO,mediaswcodec,Eventos não categorizados em nenhuma categoria anterior.,6,0.01%
SystemStateInterface,Outros / Serviços Gerais do SO,com.android.car,Eventos não categorizados em nenhuma categoria anterior.,6,0.01%
am_user_state_changed,Gestão de Usuários e Acesso,system_server,"Perfis de usuário (motorista/passageiro), permissões de apps e contas.",6,0.01%
CCodecBuffers,Outros / Serviços Gerais do SO,"system_server (66.7%), com.android.systemui (33.3%)",Eventos não categorizados em nenhuma categoria anterior.,6,0.01%
wm_task_to_front,Outros / Serviços Gerais do SO,system_server,Eventos não categorizados em nenhuma categoria anterior.,6,0.01%
wm_create_task,Outros / Serviços Gerais do SO,system_server,Eventos não categorizados em nenhuma categoria anterior.,6,0.01%
wm_create_activity,Subssistema Automotivo (AAOS),system_server,"Barramentos veiculares, HVAC, CarService, Vehicle HAL (VHAL), Cluster e telemetria.",6,0.01%
SecureElementService,Outros / Serviços Gerais do SO,com.android.se,Eventos não categorizados em nenhuma categoria anterior.,6,0.01%
wm_restart_activity,Subssistema Automotivo (AAOS),system_server,"Barramentos veiculares, HVAC, CarService, Vehicle HAL (VHAL), Cluster e telemetria.",6,0.01%
wm_on_start_called,Subssistema Automotivo (AAOS),"com.android.car.mapsplaceholder (33.3%), android.car.cluster (33.3%), com.android.car.settings (16.7%)","Barramentos veiculares, HVAC, CarService, Vehicle HAL (VHAL), Cluster e telemetria.",6,0.01%
wm_on_resume_called,Subssistema Automotivo (AAOS),"com.android.car.mapsplaceholder (33.3%), android.car.cluster (33.3%), com.android.car.settings (16.7%)","Barramentos veiculares, HVAC, CarService, Vehicle HAL (VHAL), Cluster e telemetria.",6,0.01%
RadioConfigResponseAidl,Outros / Serviços Gerais do SO,com.android.phone,Eventos não categorizados em nenhuma categoria anterior.,6,0.01%
GsmInboundSmsHandler,Outros / Serviços Gerais do SO,com.android.phone,Eventos não categorizados em nenhuma categoria anterior.,6,0.01%
CdmaInboundSmsHandler,Outros / Serviços Gerais do SO,com.android.phone,Eventos não categorizados em nenhuma categoria anterior.,6,0.01%
CarrierActionAgent,Subssistema Automotivo (AAOS),com.android.phone,"Barramentos veiculares, HVAC, CarService, Vehicle HAL (VHAL), Cluster e telemetria.",6,0.01%
DIC-0,Outros / Serviços Gerais do SO,com.android.phone,Eventos não categorizados em nenhuma categoria anterior.,6,0.01%
DCM-0,Subssistema Automotivo (AAOS),com.android.phone,"Barramentos veiculares, HVAC, CarService, Vehicle HAL (VHAL), Cluster e telemetria.",6,0.01%
DefaultPhoneNotifier,Subssistema Automotivo (AAOS),com.android.phone,"Barramentos veiculares, HVAC, CarService, Vehicle HAL (VHAL), Cluster e telemetria.",6,0.01%
StatusBarIconController,Outros / Serviços Gerais do SO,com.android.systemui,Eventos não categorizados em nenhuma categoria anterior.,6,0.01%
ScanResultUtil,Integridade e Estabilidade,system_server,"Encerramento forçado de processos, ANR, tombstone de crashes e LowMemoryKiller (PSI).",6,0.01%
CarrierSignalAgent,Subssistema Automotivo (AAOS),com.android.phone,"Barramentos veiculares, HVAC, CarService, Vehicle HAL (VHAL), Cluster e telemetria.",6,0.01%
jank_cuj_events_end_request,Outros / Serviços Gerais do SO,"com.android.systemui (66.7%), com.android.car.settings (16.7%), com.google.android.car.kitchensink (16.7%)",Eventos não categorizados em nenhuma categoria anterior.,6,0.01%
MediaSessionStack,Gestão de Usuários e Acesso,system_server,"Perfis de usuário (motorista/passageiro), permissões de apps e contas.",6,0.01%
Assistant,Outros / Serviços Gerais do SO,android.ext.services,Eventos não categorizados em nenhuma categoria anterior.,6,0.01%
bt_gd_shim,Outros / Serviços Gerais do SO,com.android.bluetooth,Eventos não categorizados em nenhuma categoria anterior.,6,0.01%
rfcomm_port_utils,Outros / Serviços Gerais do SO,com.android.bluetooth,Eventos não categorizados em nenhuma categoria anterior.,6,0.01%
AidlBufferPoolAcc,Outros / Serviços Gerais do SO,"mediaswcodec (33.3%), system_server (33.3%), com.android.systemui (33.3%)",Eventos não categorizados em nenhuma categoria anterior.,6,0.01%
AdbDebuggingManager,Rede e Conexões,system_server,"Roteamento de rede (netd), DNS (resolv), regras de iptables e conexões de depuração (adbd).",6,0.01%
CarApp.H.Tem,Subssistema Automotivo (AAOS),com.android.car.templates.host,"Barramentos veiculares, HVAC, CarService, Vehicle HAL (VHAL), Cluster e telemetria.",6,0.01%
WM-Schedulers,Outros / Serviços Gerais do SO,"com.android.providers.media.module (33.3%), com.android.statementservice (33.3%), com.android.devicelockcontroller (16.7%)",Eventos não categorizados em nenhuma categoria anterior.,6,0.01%
HandoffController,Outros / Serviços Gerais do SO,system_server,Eventos não categorizados em nenhuma categoria anterior.,6,0.01%
CDM_TrustedDeviceStore,Gestão de Usuários e Acesso,system_server,"Perfis de usuário (motorista/passageiro), permissões de apps e contas.",6,0.01%
ColorUtils,Outros / Serviços Gerais do SO,com.android.providers.media.module,Eventos não categorizados em nenhuma categoria anterior.,6,0.01%
PermissionEventCleanupJobService,Gestão de Usuários e Acesso,com.android.permissioncontroller,"Perfis de usuário (motorista/passageiro), permissões de apps e contas.",6,0.01%
GceEventReporter,Outros / Serviços Gerais do SO,"com.android.google.gce.gceservice (50.0%), servicemanager (50.0%)",Eventos não categorizados em nenhuma categoria anterior.,6,0.01%
WifiScanRequestProxy,Integridade e Estabilidade,system_server,"Encerramento forçado de processos, ANR, tombstone de crashes e LowMemoryKiller (PSI).",6,0.01%
PasspointManager,Outros / Serviços Gerais do SO,system_server,Eventos não categorizados em nenhuma categoria anterior.,6,0.01%
DSRS-0,Outros / Serviços Gerais do SO,com.android.phone,Eventos não categorizados em nenhuma categoria anterior.,6,0.01%
service,Auditoria e SELinux,auditd,"Daemon de auditoria do kernel (auditd), checagem de AVC denials e políticas SELinux.",6,0.01%
x86/fpu,Outros / Serviços Gerais do SO,servicemanager,Eventos não categorizados em nenhuma categoria anterior.,5,0.01%
Bluetooth,Outros / Serviços Gerais do SO,servicemanager,Eventos não categorizados em nenhuma categoria anterior.,5,0.01%
usb1,Outros / Serviços Gerais do SO,servicemanager,Eventos não categorizados em nenhuma categoria anterior.,5,0.01%
test_meminit,Outros / Serviços Gerais do SO,servicemanager,Eventos não categorizados em nenhuma categoria anterior.,5,0.01%
usb2,Outros / Serviços Gerais do SO,servicemanager,Eventos não categorizados em nenhuma categoria anterior.,5,0.01%
libbinder.Binder,Criptografia e Chaves,"vold (20.0%), servicemanager (20.0%), pid:421 (20.0%)","Keystore2, KeyMint, File-Based Encryption (FBE) e montagem de storage (vold).",5,0.01%
XfrmController,Outros / Serviços Gerais do SO,netd,Eventos não categorizados em nenhuma categoria anterior.,5,0.01%
android.hardware.wifi-service,Outros / Serviços Gerais do SO,pid:701,Eventos não categorizados em nenhuma categoria anterior.,5,0.01%
AndroidRuntime,Outros / Serviços Gerais do SO,"zygote64 (60.0%), WebViewLoader (20.0%), com.android.bluetooth (20.0%)",Eventos não categorizados em nenhuma categoria anterior.,5,0.01%
BatteryNotifier,Outros / Serviços Gerais do SO,"pid:765 (40.0%), pid:758 (40.0%), audioserver (20.0%)",Eventos não categorizados em nenhuma categoria anterior.,5,0.01%
EmulatedCameraProviderHwlImpl,Outros / Serviços Gerais do SO,pid:714,Eventos não categorizados em nenhuma categoria anterior.,5,0.01%
DisplayTopologyCoordinator,Outros / Serviços Gerais do SO,system_server,Eventos não categorizados em nenhuma categoria anterior.,5,0.01%
SELinuxMMAC,Auditoria e SELinux,system_server,"Daemon de auditoria do kernel (auditd), checagem de AVC denials e políticas SELinux.",5,0.01%
InputManager,Outros / Serviços Gerais do SO,system_server,"Distribuição de eventos de toque, teclado e periféricos",5,0.01%
SecurityStateManagerService,Auditoria e SELinux,system_server,"Daemon de auditoria do kernel (auditd), checagem de AVC denials e políticas SELinux.",5,0.01%
ConditionProviders,Gestão de Usuários e Acesso,system_server,"Perfis de usuário (motorista/passageiro), permissões de apps e contas.",5,0.01%
CDM_CompanionTransportManager,Outros / Serviços Gerais do SO,system_server,Eventos não categorizados em nenhuma categoria anterior.,5,0.01%
FingerprintVirtualHalSession,Outros / Serviços Gerais do SO,VirtualHalConfig,Eventos não categorizados em nenhuma categoria anterior.,5,0.01%
BatteryStatsService,Outros / Serviços Gerais do SO,system_server,Eventos não categorizados em nenhuma categoria anterior.,5,0.01%
FaceDownDetector,Outros / Serviços Gerais do SO,system_server,Eventos não categorizados em nenhuma categoria anterior.,5,0.01%
ScreenUndimDetector,Outros / Serviços Gerais do SO,system_server,Eventos não categorizados em nenhuma categoria anterior.,5,0.01%
AppStandbyController,Gestão de Usuários e Acesso,system_server,"Perfis de usuário (motorista/passageiro), permissões de apps e contas.",5,0.01%
AppSearchManagerService,Outros / Serviços Gerais do SO,system_server,Eventos não categorizados em nenhuma categoria anterior.,5,0.01%
AdbService,Outros / Serviços Gerais do SO,system_server,Eventos não categorizados em nenhuma categoria anterior.,5,0.01%
AS.BtHelper,Outros / Serviços Gerais do SO,system_server,Eventos não categorizados em nenhuma categoria anterior.,5,0.01%
ICarImpl,Subssistema Automotivo (AAOS),com.android.car,"Barramentos veiculares, HVAC, CarService, Vehicle HAL (VHAL), Cluster e telemetria.",5,0.01%
CAR.HAL,Subssistema Automotivo (AAOS),com.android.car,"Barramentos veiculares, HVAC, CarService, Vehicle HAL (VHAL), Cluster e telemetria.",5,0.01%
PowerStateNotificationHandler,Outros / Serviços Gerais do SO,com.android.car,Eventos não categorizados em nenhuma categoria anterior.,5,0.01%
CarPerUserServiceImpl,Subssistema Automotivo (AAOS),com.android.car,"Barramentos veiculares, HVAC, CarService, Vehicle HAL (VHAL), Cluster e telemetria.",5,0.01%
UserMetrics,Gestão de Usuários e Acesso,system_server,"Perfis de usuário (motorista/passageiro), permissões de apps e contas.",5,0.01%
m.android.phone,Outros / Serviços Gerais do SO,com.android.phone,Eventos não categorizados em nenhuma categoria anterior.,5,0.01%
wm_activity_launch_time,Subssistema Automotivo (AAOS),system_server,"Barramentos veiculares, HVAC, CarService, Vehicle HAL (VHAL), Cluster e telemetria.",5,0.01%
ProxyController,Outros / Serviços Gerais do SO,com.android.phone,Eventos não categorizados em nenhuma categoria anterior.,5,0.01%
MccTable,Outros / Serviços Gerais do SO,com.android.phone,Eventos não categorizados em nenhuma categoria anterior.,5,0.01%
CarrierIdMatchStats,Subssistema Automotivo (AAOS),com.android.phone,"Barramentos veiculares, HVAC, CarService, Vehicle HAL (VHAL), Cluster e telemetria.",5,0.01%
CarSystemBarElementStatusBarDisableController,Subssistema Automotivo (AAOS),com.android.systemui,"Barramentos veiculares, HVAC, CarService, Vehicle HAL (VHAL), Cluster e telemetria.",5,0.01%
BluetoothAdapterBinder,Outros / Serviços Gerais do SO,com.android.bluetooth,Eventos não categorizados em nenhuma categoria anterior.,5,0.01%
WifiConnectivityManager,Outros / Serviços Gerais do SO,system_server,Eventos não categorizados em nenhuma categoria anterior.,5,0.01%
MmsSmsDatabaseHelper,Outros / Serviços Gerais do SO,com.android.phone,Eventos não categorizados em nenhuma categoria anterior.,5,0.01%
MessagingAppDataModel,Outros / Serviços Gerais do SO,com.android.messaging,Eventos não categorizados em nenhuma categoria anterior.,5,0.01%
ReadRestrictionStatsLogger,Outros / Serviços Gerais do SO,com.android.phone,Eventos não categorizados em nenhuma categoria anterior.,5,0.01%
Cluster.MainActivity,Subssistema Automotivo (AAOS),android.car.cluster,"Barramentos veiculares, HVAC, CarService, Vehicle HAL (VHAL), Cluster e telemetria.",5,0.01%
Cluster.NavFragment,Subssistema Automotivo (AAOS),android.car.cluster,"Barramentos veiculares, HVAC, CarService, Vehicle HAL (VHAL), Cluster e telemetria.",5,0.01%
Spectre V2,Outros / Serviços Gerais do SO,servicemanager,Eventos não categorizados em nenhuma categoria anterior.,4,0.01%
vhci_hcd.0,Outros / Serviços Gerais do SO,servicemanager,Eventos não categorizados em nenhuma categoria anterior.,4,0.01%
DefaultVehicleHal,Subssistema Automotivo (AAOS),pid:492,"Barramentos veiculares, HVAC, CarService, Vehicle HAL (VHAL), Cluster e telemetria.",4,0.01%
healthd,Outros / Serviços Gerais do SO,servicemanager,Eventos não categorizados em nenhuma categoria anterior.,4,0.01%
libbinder.ProcessState,Outros / Serviços Gerais do SO,"bluetooth-cf (25.0%), pid:682 (25.0%), pid:689 (25.0%)",Eventos não categorizados em nenhuma categoria anterior.,4,0.01%
android.hardware.audio.effect.service-aidl.example,Outros / Serviços Gerais do SO,AHAL_EffectFactory,Eventos não categorizados em nenhuma categoria anterior.,4,0.01%
Manager,Outros / Serviços Gerais do SO,pid:690,Eventos não categorizados em nenhuma categoria anterior.,4,0.01%
GCH_AidlCameraProvider,Outros / Serviços Gerais do SO,pid:714,Eventos não categorizados em nenhuma categoria anterior.,4,0.01%
CodecServiceRegistrant,Outros / Serviços Gerais do SO,mediaswcodec,Eventos não categorizados em nenhuma categoria anterior.,4,0.01%
FeatureFlagsImplExport,Outros / Serviços Gerais do SO,"com.android.permissioncontroller (50.0%), zygote64 (25.0%), system_server (25.0%)",Eventos não categorizados em nenhuma categoria anterior.,4,0.01%
UserTypeFactory,Gestão de Usuários e Acesso,system_server,"Perfis de usuário (motorista/passageiro), permissões de apps e contas.",4,0.01%
configuration_changed,Outros / Serviços Gerais do SO,system_server,Eventos não categorizados em nenhuma categoria anterior.,4,0.01%
DisplayDevice,Outros / Serviços Gerais do SO,system_server,Eventos não categorizados em nenhuma categoria anterior.,4,0.01%
NetworkStackClient,Outros / Serviços Gerais do SO,system_server,Eventos não categorizados em nenhuma categoria anterior.,4,0.01%
WifiHalAidlImpl,Outros / Serviços Gerais do SO,system_server,Eventos não categorizados em nenhuma categoria anterior.,4,0.01%
WifiScanningService,Outros / Serviços Gerais do SO,system_server,Eventos não categorizados em nenhuma categoria anterior.,4,0.01%
MultinetworkPolicyTracker,Outros / Serviços Gerais do SO,system_server,Eventos não categorizados em nenhuma categoria anterior.,4,0.01%
BcRadioAidlSrv.module,Outros / Serviços Gerais do SO,system_server,Eventos não categorizados em nenhuma categoria anterior.,4,0.01%
MediaRouter,Outros / Serviços Gerais do SO,"system_server (50.0%), com.android.systemui (50.0%)",Eventos não categorizados em nenhuma categoria anterior.,4,0.01%
HsumBootUserInitializer,Gestão de Usuários e Acesso,system_server,"Perfis de usuário (motorista/passageiro), permissões de apps e contas.",4,0.01%
AttentionDetector,Outros / Serviços Gerais do SO,system_server,Eventos não categorizados em nenhuma categoria anterior.,4,0.01%
PluginStorage,Outros / Serviços Gerais do SO,system_server,Eventos não categorizados em nenhuma categoria anterior.,4,0.01%
WifiConfigStore,Outros / Serviços Gerais do SO,system_server,Eventos não categorizados em nenhuma categoria anterior.,4,0.01%
UpdatablePackageContext,Outros / Serviços Gerais do SO,com.android.car,Eventos não categorizados em nenhuma categoria anterior.,4,0.01%
GnssLocationProvider,Outros / Serviços Gerais do SO,system_server,Eventos não categorizados em nenhuma categoria anterior.,4,0.01%
GnssVisibilityControl,Outros / Serviços Gerais do SO,"pid:683 (75.0%), system_server (25.0%)",Eventos não categorizados em nenhuma categoria anterior.,4,0.01%
CarFeatureController,Subssistema Automotivo (AAOS),com.android.car,"Barramentos veiculares, HVAC, CarService, Vehicle HAL (VHAL), Cluster e telemetria.",4,0.01%
ContCarPropertyEventTracker,Subssistema Automotivo (AAOS),"com.android.car (75.0%), android.car.cluster (25.0%)","Barramentos veiculares, HVAC, CarService, Vehicle HAL (VHAL), Cluster e telemetria.",4,0.01%
CarUxRestrictionsManagerService,Subssistema Automotivo (AAOS),com.android.car,"Barramentos veiculares, HVAC, CarService, Vehicle HAL (VHAL), Cluster e telemetria.",4,0.01%
PackageSettingsTiming,Gestão de Usuários e Acesso,system_server,"Perfis de usuário (motorista/passageiro), permissões de apps e contas.",4,0.01%
AccountsDb,Gestão de Usuários e Acesso,system_server,"Perfis de usuário (motorista/passageiro), permissões de apps e contas.",4,0.01%
CountryDetector,Outros / Serviços Gerais do SO,system_server,Eventos não categorizados em nenhuma categoria anterior.,4,0.01%
ActivityStartInterceptor,Outros / Serviços Gerais do SO,system_server,Eventos não categorizados em nenhuma categoria anterior.,4,0.01%
CarAudioFocus,Subssistema Automotivo (AAOS),com.android.car,"Barramentos veiculares, HVAC, CarService, Vehicle HAL (VHAL), Cluster e telemetria.",4,0.01%
SyntheticPasswordManager,Gestão de Usuários e Acesso,system_server,"Perfis de usuário (motorista/passageiro), permissões de apps e contas.",4,0.01%
FlagManager,Rede e Conexões,com.android.systemui,"Roteamento de rede (netd), DNS (resolv), regras de iptables e conexões de depuração (adbd).",4,0.01%
wm_set_resumed_activity,Subssistema Automotivo (AAOS),system_server,"Barramentos veiculares, HVAC, CarService, Vehicle HAL (VHAL), Cluster e telemetria.",4,0.01%
car_user_mgr_add_listener,Subssistema Automotivo (AAOS),"com.android.systemui (75.0%), com.android.car.carlauncher (25.0%)","Barramentos veiculares, HVAC, CarService, Vehicle HAL (VHAL), Cluster e telemetria.",4,0.01%
car_user_svc_set_lifecycle_listener,Subssistema Automotivo (AAOS),com.android.car,"Barramentos veiculares, HVAC, CarService, Vehicle HAL (VHAL), Cluster e telemetria.",4,0.01%
WifiPermissionsUtil,Gestão de Usuários e Acesso,system_server,"Perfis de usuário (motorista/passageiro), permissões de apps e contas.",4,0.01%
AudioManager,Outros / Serviços Gerais do SO,"system_server (75.0%), com.android.systemui (25.0%)",Eventos não categorizados em nenhuma categoria anterior.,4,0.01%
wm_on_top_resumed_gained_called,Subssistema Automotivo (AAOS),"com.android.car.mapsplaceholder (50.0%), com.android.car.settings (25.0%), com.android.car.carlauncher (25.0%)","Barramentos veiculares, HVAC, CarService, Vehicle HAL (VHAL), Cluster e telemetria.",4,0.01%
BiometricsRepositoryImpl,Gestão de Usuários e Acesso,com.android.systemui,"Perfis de usuário (motorista/passageiro), permissões de apps e contas.",4,0.01%
TelephonyTester-0,Outros / Serviços Gerais do SO,com.android.phone,Eventos não categorizados em nenhuma categoria anterior.,4,0.01%
GsmSMSDispatcher,Outros / Serviços Gerais do SO,com.android.phone,Eventos não categorizados em nenhuma categoria anterior.,4,0.01%
CellBroadcastDatabaseHelper,Outros / Serviços Gerais do SO,com.android.cellbroadcastreceiver.module,Eventos não categorizados em nenhuma categoria anterior.,4,0.01%
CellularNetworkService,Outros / Serviços Gerais do SO,com.android.phone,Eventos não categorizados em nenhuma categoria anterior.,4,0.01%
CBChannelManager,Outros / Serviços Gerais do SO,com.android.cellbroadcastreceiver.module,Eventos não categorizados em nenhuma categoria anterior.,4,0.01%
id.ext.services,Outros / Serviços Gerais do SO,android.ext.services,Eventos não categorizados em nenhuma categoria anterior.,4,0.01%
WifiDataStall,Outros / Serviços Gerais do SO,system_server,Eventos não categorizados em nenhuma categoria anterior.,4,0.01%
SafetyCenterAccessibilityListener,Outros / Serviços Gerais do SO,com.android.permissioncontroller,Eventos não categorizados em nenhuma categoria anterior.,4,0.01%
BtGdWakelockNative,Outros / Serviços Gerais do SO,com.android.bluetooth,Eventos não categorizados em nenhuma categoria anterior.,4,0.01%
TypefaceCache,Outros / Serviços Gerais do SO,com.android.systemui,Eventos não categorizados em nenhuma categoria anterior.,4,0.01%
AuthController,Gestão de Usuários e Acesso,com.android.systemui,"Perfis de usuário (motorista/passageiro), permissões de apps e contas.",4,0.01%
bt_btif_dm,Outros / Serviços Gerais do SO,com.android.bluetooth,Eventos não categorizados em nenhuma categoria anterior.,4,0.01%
avrcp,Outros / Serviços Gerais do SO,com.android.bluetooth,Eventos não categorizados em nenhuma categoria anterior.,4,0.01%
bt_btif_queue,Outros / Serviços Gerais do SO,com.android.bluetooth,Eventos não categorizados em nenhuma categoria anterior.,4,0.01%
ssm_user_completed_event,Gestão de Usuários e Acesso,system_server,"Perfis de usuário (motorista/passageiro), permissões de apps e contas.",4,0.01%
NativeUwbManager,Outros / Serviços Gerais do SO,system_server,Eventos não categorizados em nenhuma categoria anterior.,4,0.01%
UsageStatsDatabase,Outros / Serviços Gerais do SO,system_server,Eventos não categorizados em nenhuma categoria anterior.,4,0.01%
am_foreground_service_start,Subssistema Automotivo (AAOS),system_server,"Barramentos veiculares, HVAC, CarService, Vehicle HAL (VHAL), Cluster e telemetria.",4,0.01%
CDM_CompanionDeviceManagerService,Gestão de Usuários e Acesso,system_server,"Perfis de usuário (motorista/passageiro), permissões de apps e contas.",4,0.01%
PreBootBroadcaster,Gestão de Usuários e Acesso,system_server,"Perfis de usuário (motorista/passageiro), permissões de apps e contas.",4,0.01%
am_pre_boot,Outros / Serviços Gerais do SO,system_server,Eventos não categorizados em nenhuma categoria anterior.,4,0.01%
CarrierInfoManager,Subssistema Automotivo (AAOS),com.android.phone,"Barramentos veiculares, HVAC, CarService, Vehicle HAL (VHAL), Cluster e telemetria.",4,0.01%
rs.media.module,Outros / Serviços Gerais do SO,com.android.providers.media.module,Eventos não categorizados em nenhuma categoria anterior.,4,0.01%
WorkManagerInitializer,Outros / Serviços Gerais do SO,com.android.providers.media.module,Eventos não categorizados em nenhuma categoria anterior.,4,0.01%
ExternalStorageServiceImpl,Outros / Serviços Gerais do SO,com.android.providers.media.module,Eventos não categorizados em nenhuma categoria anterior.,4,0.01%
FuseDaemonThread,Outros / Serviços Gerais do SO,com.android.providers.media.module,Eventos não categorizados em nenhuma categoria anterior.,4,0.01%
BroadcastQueue,Gestão de Usuários e Acesso,system_server,"Perfis de usuário (motorista/passageiro), permissões de apps e contas.",4,0.01%
NotificationManagerService.NotificationListeners,Outros / Serviços Gerais do SO,system_server,Eventos não categorizados em nenhuma categoria anterior.,4,0.01%
FieldClassificationStrategy,Outros / Serviços Gerais do SO,system_server,Eventos não categorizados em nenhuma categoria anterior.,4,0.01%
HealthConnectBackupRestore,Outros / Serviços Gerais do SO,system_server,Eventos não categorizados em nenhuma categoria anterior.,4,0.01%
CDM_BtPasskeyProvider,Gestão de Usuários e Acesso,system_server,"Perfis de usuário (motorista/passageiro), permissões de apps e contas.",4,0.01%
dvm_lock_sample,Gestão de Usuários e Acesso,system_server,"Perfis de usuário (motorista/passageiro), permissões de apps e contas.",4,0.01%
SafetyLabelChangesJobService,Outros / Serviços Gerais do SO,com.android.permissioncontroller,Eventos não categorizados em nenhuma categoria anterior.,4,0.01%
PermissionStorageTimeChangeReceiver,Gestão de Usuários e Acesso,com.android.permissioncontroller,"Perfis de usuário (motorista/passageiro), permissões de apps e contas.",4,0.01%
BasePermissionEventStorage,Gestão de Usuários e Acesso,com.android.permissioncontroller,"Perfis de usuário (motorista/passageiro), permissões de apps e contas.",4,0.01%
DnsManager,Rede e Conexões,system_server,"Roteamento de rede (netd), DNS (resolv), regras de iptables e conexões de depuração (adbd).",4,0.01%
NetlinkEvent,Outros / Serviços Gerais do SO,netd,Eventos não categorizados em nenhuma categoria anterior.,4,0.01%
MediaConnectorSvc,Outros / Serviços Gerais do SO,com.android.car.media,Eventos não categorizados em nenhuma categoria anterior.,4,0.01%
WM-SystemJobService,Outros / Serviços Gerais do SO,com.android.providers.media.module,Eventos não categorizados em nenhuma categoria anterior.,4,0.01%
ContactsPerf,Outros / Serviços Gerais do SO,android.process.acore,Eventos não categorizados em nenhuma categoria anterior.,4,0.01%
PhoneAccountHandleMigrationUtils_CallLogDatabaseHelper,Gestão de Usuários e Acesso,android.process.acore,"Perfis de usuário (motorista/passageiro), permissões de apps e contas.",4,0.01%
ContactsProviderV1,Outros / Serviços Gerais do SO,android.process.acore,Eventos não categorizados em nenhuma categoria anterior.,4,0.01%
ContactDirectoryManager,Outros / Serviços Gerais do SO,android.process.acore,Eventos não categorizados em nenhuma categoria anterior.,4,0.01%
HeapDumpReceiver,Outros / Serviços Gerais do SO,com.android.shell,Eventos não categorizados em nenhuma categoria anterior.,4,0.01%
PhotopickerDeviceConfigReceiver,Outros / Serviços Gerais do SO,com.android.photopicker,Eventos não categorizados em nenhuma categoria anterior.,4,0.01%
CTC.TelecomUtils,Outros / Serviços Gerais do SO,android.car.cluster,Eventos não categorizados em nenhuma categoria anterior.,4,0.01%
ntp_failure,Rede e Conexões,system_server,"Roteamento de rede (netd), DNS (resolv), regras de iptables e conexões de depuração (adbd).",4,0.01%
CAR.STORAGE,Subssistema Automotivo (AAOS),com.android.car,"Barramentos veiculares, HVAC, CarService, Vehicle HAL (VHAL), Cluster e telemetria.",4,0.01%
AppOpHistoryDbHelper,Outros / Serviços Gerais do SO,system_server,Eventos não categorizados em nenhuma categoria anterior.,4,0.01%
APIC,Outros / Serviços Gerais do SO,servicemanager,Eventos não categorizados em nenhuma categoria anterior.,3,0.01%
e820,Outros / Serviços Gerais do SO,servicemanager,Eventos não categorizados em nenhuma categoria anterior.,3,0.01%
node   0,Outros / Serviços Gerais do SO,servicemanager,Eventos não categorizados em nenhuma categoria anterior.,3,0.01%
PM,Outros / Serviços Gerais do SO,servicemanager,Eventos não categorizados em nenhuma categoria anterior.,3,0.01%
smpboot,Outros / Serviços Gerais do SO,servicemanager,Eventos não categorizados em nenhuma categoria anterior.,3,0.01%
thermal_sys,Outros / Serviços Gerais do SO,servicemanager,Eventos não categorizados em nenhuma categoria anterior.,3,0.01%
main[391],Outros / Serviços Gerais do SO,servicemanager,Eventos não categorizados em nenhuma categoria anterior.,3,0.01%
dummy_hcd.0,Outros / Serviços Gerais do SO,servicemanager,Eventos não categorizados em nenhuma categoria anterior.,3,0.01%
android.hardware.gatekeeper-service.nonsecure,Outros / Serviços Gerais do SO,servicemanager,Eventos não categorizados em nenhuma categoria anterior.,3,0.01%
casefolding_remover,Outros / Serviços Gerais do SO,pid:539,Eventos não categorizados em nenhuma categoria anterior.,3,0.01%
misctrl,Outros / Serviços Gerais do SO,pid:723,Eventos não categorizados em nenhuma categoria anterior.,3,0.01%
authgraph-hal-nonsecure,Gestão de Usuários e Acesso,pid:694,"Perfis de usuário (motorista/passageiro), permissões de apps e contas.",3,0.01%
RemoteAccessImpl,Outros / Serviços Gerais do SO,pid:666,Eventos não categorizados em nenhuma categoria anterior.,3,0.01%
perfetto,Outros / Serviços Gerais do SO,"pid:753 (66.7%), pid:756 (33.3%)",Eventos não categorizados em nenhuma categoria anterior.,3,0.01%
mediaserver,Outros / Serviços Gerais do SO,pid:765,Eventos não categorizados em nenhuma categoria anterior.,3,0.01%
EffectsFactoryHalAidl,Outros / Serviços Gerais do SO,audioserver,Eventos não categorizados em nenhuma categoria anterior.,3,0.01%
AHAL_SoundDose,Outros / Serviços Gerais do SO,android.hardware.audio.service,Eventos não categorizados em nenhuma categoria anterior.,3,0.01%
android.hardware.pixel.camera.provider@2.7-service,Outros / Serviços Gerais do SO,pid:714,Eventos não categorizados em nenhuma categoria anterior.,3,0.01%
AHAL_StreamRemoteSubmix,Outros / Serviços Gerais do SO,android.hardware.audio.service,Eventos não categorizados em nenhuma categoria anterior.,3,0.01%
LogicalDisplay,Outros / Serviços Gerais do SO,system_server,Eventos não categorizados em nenhuma categoria anterior.,3,0.01%
ApkLiteParseUtils,Subssistema Automotivo (AAOS),system_server,"Barramentos veiculares, HVAC, CarService, Vehicle HAL (VHAL), Cluster e telemetria.",3,0.01%
CpuMonitorService,Outros / Serviços Gerais do SO,system_server,Eventos não categorizados em nenhuma categoria anterior.,3,0.01%
PccSandboxManagerInternal,Subssistema Automotivo (AAOS),system_server,"Barramentos veiculares, HVAC, CarService, Vehicle HAL (VHAL), Cluster e telemetria.",3,0.01%
InputReaderBase,Outros / Serviços Gerais do SO,system_server,Eventos não categorizados em nenhuma categoria anterior.,3,0.01%
Nl80211Native,Rede e Conexões,system_server,"Roteamento de rede (netd), DNS (resolv), regras de iptables e conexões de depuração (adbd).",3,0.01%
WakeupController,Outros / Serviços Gerais do SO,system_server,Eventos não categorizados em nenhuma categoria anterior.,3,0.01%
WiredAccessoryManager,Outros / Serviços Gerais do SO,system_server,Eventos não categorizados em nenhuma categoria anterior.,3,0.01%
UsbDeviceManagerJNI,Outros / Serviços Gerais do SO,system_server,Eventos não categorizados em nenhuma categoria anterior.,3,0.01%
AS.SpatializerHelper,Outros / Serviços Gerais do SO,system_server,Eventos não categorizados em nenhuma categoria anterior.,3,0.01%
HandoffPreferenceStore,Gestão de Usuários e Acesso,system_server,"Perfis de usuário (motorista/passageiro), permissões de apps e contas.",3,0.01%
InternalEnumerateClient,Outros / Serviços Gerais do SO,system_server,Eventos não categorizados em nenhuma categoria anterior.,3,0.01%
BiometricLogger,Outros / Serviços Gerais do SO,system_server,Eventos não categorizados em nenhuma categoria anterior.,3,0.01%
BatteryExternalStatsWorker,Outros / Serviços Gerais do SO,system_server,Eventos não categorizados em nenhuma categoria anterior.,3,0.01%
DisplayPowerController,Outros / Serviços Gerais do SO,system_server,Eventos não categorizados em nenhuma categoria anterior.,3,0.01%
WifiNative,Outros / Serviços Gerais do SO,system_server,Eventos não categorizados em nenhuma categoria anterior.,3,0.01%
WifiActiveModeWarden,Outros / Serviços Gerais do SO,system_server,Eventos não categorizados em nenhuma categoria anterior.,3,0.01%
UwbContext,Outros / Serviços Gerais do SO,system_server,Eventos não categorizados em nenhuma categoria anterior.,3,0.01%
VcnManagementService,Subssistema Automotivo (AAOS),system_server,"Barramentos veiculares, HVAC, CarService, Vehicle HAL (VHAL), Cluster e telemetria.",3,0.01%
AdbSettingsObserver,Outros / Serviços Gerais do SO,system_server,Eventos não categorizados em nenhuma categoria anterior.,3,0.01%
NetworkStatsObservers,Outros / Serviços Gerais do SO,system_server,Eventos não categorizados em nenhuma categoria anterior.,3,0.01%
NotificationService,Outros / Serviços Gerais do SO,system_server,Eventos não categorizados em nenhuma categoria anterior.,3,0.01%
CAR.VmsHalService,Subssistema Automotivo (AAOS),com.android.car,"Barramentos veiculares, HVAC, CarService, Vehicle HAL (VHAL), Cluster e telemetria.",3,0.01%
C2SoftApvDec,Outros / Serviços Gerais do SO,mediaswcodec,Eventos não categorizados em nenhuma categoria anterior.,3,0.01%
WebViewZygoteInit,Outros / Serviços Gerais do SO,webview_zygote,Eventos não categorizados em nenhuma categoria anterior.,3,0.01%
C2SoftApvEnc,Outros / Serviços Gerais do SO,mediaswcodec,Eventos não categorizados em nenhuma categoria anterior.,3,0.01%
CAR.DIAGNOSTIC,Subssistema Automotivo (AAOS),com.android.car,"Barramentos veiculares, HVAC, CarService, Vehicle HAL (VHAL), Cluster e telemetria.",3,0.01%
uc_finish_user_boot,Gestão de Usuários e Acesso,system_server,"Perfis de usuário (motorista/passageiro), permissões de apps e contas.",3,0.01%
DocumentManagerRoleBehavior,Outros / Serviços Gerais do SO,system_server,Eventos não categorizados em nenhuma categoria anterior.,3,0.01%
car_pwr_mgr_pwr_policy_change,Subssistema Automotivo (AAOS),com.android.car,"Barramentos veiculares, HVAC, CarService, Vehicle HAL (VHAL), Cluster e telemetria.",3,0.01%
CAR.WatchdogStorage,Subssistema Automotivo (AAOS),com.android.car,"Barramentos veiculares, HVAC, CarService, Vehicle HAL (VHAL), Cluster e telemetria.",3,0.01%
CarWatchdogService,Subssistema Automotivo (AAOS),com.android.car,"Barramentos veiculares, HVAC, CarService, Vehicle HAL (VHAL), Cluster e telemetria.",3,0.01%
CarServiceProxy,Subssistema Automotivo (AAOS),system_server,"Barramentos veiculares, HVAC, CarService, Vehicle HAL (VHAL), Cluster e telemetria.",3,0.01%
CAR.TELEMETRY,Subssistema Automotivo (AAOS),com.android.car,"Barramentos veiculares, HVAC, CarService, Vehicle HAL (VHAL), Cluster e telemetria.",3,0.01%
CarActivityInterceptorUpdatableImpl,Subssistema Automotivo (AAOS),system_server,"Barramentos veiculares, HVAC, CarService, Vehicle HAL (VHAL), Cluster e telemetria.",3,0.01%
PowerStatsCollector,Outros / Serviços Gerais do SO,system_server,Eventos não categorizados em nenhuma categoria anterior.,3,0.01%
android.hardware.secure_element-service.example,Outros / Serviços Gerais do SO,pid:693,Eventos não categorizados em nenhuma categoria anterior.,3,0.01%
SecureElement-AccessControlEnforcer,Outros / Serviços Gerais do SO,com.android.se,Eventos não categorizados em nenhuma categoria anterior.,3,0.01%
CarrierProvider,Subssistema Automotivo (AAOS),com.android.phone,"Barramentos veiculares, HVAC, CarService, Vehicle HAL (VHAL), Cluster e telemetria.",3,0.01%
TelecomFramework,Gestão de Usuários e Acesso,system_server,"Perfis de usuário (motorista/passageiro), permissões de apps e contas.",3,0.01%
AppCompat,Outros / Serviços Gerais do SO,com.android.systemui,Eventos não categorizados em nenhuma categoria anterior.,3,0.01%
BarControlPolicy,Outros / Serviços Gerais do SO,com.android.systemui,Eventos não categorizados em nenhuma categoria anterior.,3,0.01%
UserTrackerImpl,Gestão de Usuários e Acesso,com.android.systemui,"Perfis de usuário (motorista/passageiro), permissões de apps e contas.",3,0.01%
UwbServiceImpl,Gestão de Usuários e Acesso,system_server,"Perfis de usuário (motorista/passageiro), permissões de apps e contas.",3,0.01%
DeviceLockControllerService,Outros / Serviços Gerais do SO,com.android.devicelockcontroller,Eventos não categorizados em nenhuma categoria anterior.,3,0.01%
SharedConnectivityManager,Outros / Serviços Gerais do SO,com.android.systemui,Eventos não categorizados em nenhuma categoria anterior.,3,0.01%
PhoneNumberManagerService,Outros / Serviços Gerais do SO,com.android.phone,Eventos não categorizados em nenhuma categoria anterior.,3,0.01%
RILUtils,Outros / Serviços Gerais do SO,com.android.phone,Eventos não categorizados em nenhuma categoria anterior.,3,0.01%
SDMGR,Outros / Serviços Gerais do SO,com.android.phone,Eventos não categorizados em nenhuma categoria anterior.,3,0.01%
TelephonyAdminReceiver,Outros / Serviços Gerais do SO,com.android.phone,Eventos não categorizados em nenhuma categoria anterior.,3,0.01%
SmsDispatchersController,Outros / Serviços Gerais do SO,com.android.phone,Eventos não categorizados em nenhuma categoria anterior.,3,0.01%
KeyguardWakeDirectlyToGoneInteractor,Gestão de Usuários e Acesso,com.android.systemui,"Perfis de usuário (motorista/passageiro), permissões de apps e contas.",3,0.01%
ANM-0,Outros / Serviços Gerais do SO,com.android.phone,Eventos não categorizados em nenhuma categoria anterior.,3,0.01%
UserSwitchTransition,Gestão de Usuários e Acesso,com.android.systemui,"Perfis de usuário (motorista/passageiro), permissões de apps e contas.",3,0.01%
ServiceStateProvider,Outros / Serviços Gerais do SO,com.android.phone,Eventos não categorizados em nenhuma categoria anterior.,3,0.01%
IntentBroadcaster,Outros / Serviços Gerais do SO,com.android.phone,Eventos não categorizados em nenhuma categoria anterior.,3,0.01%
SimLog,Outros / Serviços Gerais do SO,com.android.systemui,Eventos não categorizados em nenhuma categoria anterior.,3,0.01%
wm_dim_cancel_anim,Outros / Serviços Gerais do SO,system_server,Eventos não categorizados em nenhuma categoria anterior.,3,0.01%
wm_dim_animate,Outros / Serviços Gerais do SO,system_server,Eventos não categorizados em nenhuma categoria anterior.,3,0.01%
BluetoothServiceJni,Outros / Serviços Gerais do SO,com.android.bluetooth,Eventos não categorizados em nenhuma categoria anterior.,3,0.01%
BluetoothActiveDeviceManager,Outros / Serviços Gerais do SO,com.android.bluetooth,Eventos não categorizados em nenhuma categoria anterior.,3,0.01%
BtScan.ScanController,Outros / Serviços Gerais do SO,com.android.bluetooth,Eventos não categorizados em nenhuma categoria anterior.,3,0.01%
bt_btm_ble,Outros / Serviços Gerais do SO,com.android.bluetooth,Eventos não categorizados em nenhuma categoria anterior.,3,0.01%
WifiDialogManager,Gestão de Usuários e Acesso,system_server,"Perfis de usuário (motorista/passageiro), permissões de apps e contas.",3,0.01%
A2dpService,Outros / Serviços Gerais do SO,com.android.bluetooth,Eventos não categorizados em nenhuma categoria anterior.,3,0.01%
AvrcpTargetService,Outros / Serviços Gerais do SO,com.android.bluetooth,Eventos não categorizados em nenhuma categoria anterior.,3,0.01%
MediaSessionCompat,Outros / Serviços Gerais do SO,"com.android.bluetooth (66.7%), com.android.car.radio (33.3%)",Eventos não categorizados em nenhuma categoria anterior.,3,0.01%
BluetoothMediaBrowserService,Outros / Serviços Gerais do SO,com.android.bluetooth,Eventos não categorizados em nenhuma categoria anterior.,3,0.01%
alsa_device_proxy,Outros / Serviços Gerais do SO,android.hardware.audio.service,Eventos não categorizados em nenhuma categoria anterior.,3,0.01%
HibernationStateDiskStore,Outros / Serviços Gerais do SO,system_server,Eventos não categorizados em nenhuma categoria anterior.,3,0.01%
uc_finish_user_unlocking,Gestão de Usuários e Acesso,system_server,"Perfis de usuário (motorista/passageiro), permissões de apps e contas.",3,0.01%
ONS,Outros / Serviços Gerais do SO,com.android.phone,Eventos não categorizados em nenhuma categoria anterior.,3,0.01%
pmgd,Outros / Serviços Gerais do SO,pid:3803,Eventos não categorizados em nenhuma categoria anterior.,3,0.01%
SmsBroadcastUndelivered,Outros / Serviços Gerais do SO,com.android.phone,Eventos não categorizados em nenhuma categoria anterior.,3,0.01%
wm_on_top_resumed_lost_called,Subssistema Automotivo (AAOS),"com.android.car.settings (33.3%), com.android.car.carlauncher (33.3%), com.android.car.mapsplaceholder (33.3%)","Barramentos veiculares, HVAC, CarService, Vehicle HAL (VHAL), Cluster e telemetria.",3,0.01%
DevicePolicyControllerImpl,Outros / Serviços Gerais do SO,com.android.devicelockcontroller,Eventos não categorizados em nenhuma categoria anterior.,3,0.01%
MediaBrowserConnector,Outros / Serviços Gerais do SO,"com.android.car.carlauncher (66.7%), com.android.car.media (33.3%)",Eventos não categorizados em nenhuma categoria anterior.,3,0.01%
MediaBrowserCompat,Outros / Serviços Gerais do SO,"com.android.car.carlauncher (66.7%), com.android.car.media (33.3%)",Eventos não categorizados em nenhuma categoria anterior.,3,0.01%
DisplayTransformManager,Outros / Serviços Gerais do SO,system_server,Eventos não categorizados em nenhuma categoria anterior.,3,0.01%
wm_on_destroy_called,Subssistema Automotivo (AAOS),"com.android.car.provision (33.3%), com.android.car.settings (33.3%), com.android.car.mapsplaceholder (33.3%)","Barramentos veiculares, HVAC, CarService, Vehicle HAL (VHAL), Cluster e telemetria.",3,0.01%
surfaceview_layout,Subssistema Automotivo (AAOS),"com.android.car.carlauncher (66.7%), android.car.cluster (33.3%)","Barramentos veiculares, HVAC, CarService, Vehicle HAL (VHAL), Cluster e telemetria.",3,0.01%
SplashScreenView,Outros / Serviços Gerais do SO,com.android.systemui,Eventos não categorizados em nenhuma categoria anterior.,3,0.01%
CD.BtMonitor,Outros / Serviços Gerais do SO,com.android.car.dialer,Eventos não categorizados em nenhuma categoria anterior.,3,0.01%
WM-WrkMgrInitializer,Outros / Serviços Gerais do SO,"com.android.statementservice (66.7%), com.android.rkpdapp (33.3%)",Eventos não categorizados em nenhuma categoria anterior.,3,0.01%
CTC.InMemoryPhoneBook,Outros / Serviços Gerais do SO,android.car.cluster,Eventos não categorizados em nenhuma categoria anterior.,3,0.01%
Glide,Outros / Serviços Gerais do SO,android.car.cluster,Eventos não categorizados em nenhuma categoria anterior.,3,0.01%
WM-DelayedWorkTracker,Outros / Serviços Gerais do SO,com.android.providers.media.module,Eventos não categorizados em nenhuma categoria anterior.,3,0.01%
DMI,Outros / Serviços Gerais do SO,servicemanager,Eventos não categorizados em nenhuma categoria anterior.,2,0.00%
kvm-clock,Outros / Serviços Gerais do SO,servicemanager,Eventos não categorizados em nenhuma categoria anterior.,2,0.00%
pcpu-alloc,Outros / Serviços Gerais do SO,servicemanager,Eventos não categorizados em nenhuma categoria anterior.,2,0.00%
smp,Outros / Serviços Gerais do SO,servicemanager,Eventos não categorizados em nenhuma categoria anterior.,2,0.00%
ramoops,Outros / Serviços Gerais do SO,servicemanager,Eventos não categorizados em nenhuma categoria anterior.,2,0.00%
pstore,Integridade e Estabilidade,servicemanager,"Encerramento forçado de processos, ANR, tombstone de crashes e LowMemoryKiller (PSI).",2,0.00%
acpi PNP0A08,Outros / Serviços Gerais do SO,servicemanager,Eventos não categorizados em nenhuma categoria anterior.,2,0.00%
iommu,Outros / Serviços Gerais do SO,servicemanager,Eventos não categorizados em nenhuma categoria anterior.,2,0.00%
VFS,Outros / Serviços Gerais do SO,servicemanager,Eventos não categorizados em nenhuma categoria anterior.,2,0.00%
pnp,Outros / Serviços Gerais do SO,servicemanager,Eventos não categorizados em nenhuma categoria anterior.,2,0.00%
pcieport 0000,Outros / Serviços Gerais do SO,servicemanager,Eventos não categorizados em nenhuma categoria anterior.,2,0.00%
wireguard,Outros / Serviços Gerais do SO,servicemanager,Eventos não categorizados em nenhuma categoria anterior.,2,0.00%
sdhci,Outros / Serviços Gerais do SO,servicemanager,Eventos não categorizados em nenhuma categoria anterior.,2,0.00%
cfg80211,Outros / Serviços Gerais do SO,servicemanager,Eventos não categorizados em nenhuma categoria anterior.,2,0.00%
[drm] features,Outros / Serviços Gerais do SO,servicemanager,Eventos não categorizados em nenhuma categoria anterior.,2,0.00%
virtio_blk virtio26,Outros / Serviços Gerais do SO,servicemanager,Eventos não categorizados em nenhuma categoria anterior.,2,0.00%
virtio_blk virtio27,Outros / Serviços Gerais do SO,servicemanager,Eventos não categorizados em nenhuma categoria anterior.,2,0.00%
virtio_blk virtio28,Outros / Serviços Gerais do SO,servicemanager,Eventos não categorizados em nenhuma categoria anterior.,2,0.00%
hub 1-0,Outros / Serviços Gerais do SO,servicemanager,Eventos não categorizados em nenhuma categoria anterior.,2,0.00%
cardisplayproxyd,Subssistema Automotivo (AAOS),pid:421,"Barramentos veiculares, HVAC, CarService, Vehicle HAL (VHAL), Cluster e telemetria.",2,0.00%
virtio-fs,Outros / Serviços Gerais do SO,servicemanager,Eventos não categorizados em nenhuma categoria anterior.,2,0.00%
MacsecPskPlugin,Outros / Serviços Gerais do SO,pid:457,Eventos não categorizados em nenhuma categoria anterior.,2,0.00%
android.hardware.boot-service.default,Outros / Serviços Gerais do SO,servicemanager,Eventos não categorizados em nenhuma categoria anterior.,2,0.00%
hub 2-0,Outros / Serviços Gerais do SO,servicemanager,Eventos não categorizados em nenhuma categoria anterior.,2,0.00%
hub 3-0,Outros / Serviços Gerais do SO,servicemanager,Eventos não categorizados em nenhuma categoria anterior.,2,0.00%
android.system.suspend-service,Outros / Serviços Gerais do SO,pid:454,Eventos não categorizados em nenhuma categoria anterior.,2,0.00%
fscrypt,Criptografia e Chaves,servicemanager,"Keystore2, KeyMint, File-Based Encryption (FBE) e montagem de storage (vold).",2,0.00%
rename_netiface,Outros / Serviços Gerais do SO,pid:626,Eventos não categorizados em nenhuma categoria anterior.,2,0.00%
BpfLoader,Outros / Serviços Gerais do SO,servicemanager,Eventos não categorizados em nenhuma categoria anterior.,2,0.00%
netdClient,Rede e Conexões,netd,"Roteamento de rede (netd), DNS (resolv), regras de iptables e conexões de depuração (adbd).",2,0.00%
NetdUpdatable,Rede e Conexões,netd,"Roteamento de rede (netd), DNS (resolv), regras de iptables e conexões de depuração (adbd).",2,0.00%
kcmdlinectrl,Outros / Serviços Gerais do SO,"pid:640 (50.0%), pid:752 (50.0%)",Eventos não categorizados em nenhuma categoria anterior.,2,0.00%
statsd,Outros / Serviços Gerais do SO,pid:638,Eventos não categorizados em nenhuma categoria anterior.,2,0.00%
CanController,Outros / Serviços Gerais do SO,pid:655,Eventos não categorizados em nenhuma categoria anterior.,2,0.00%
android.hardware.automotive.occupant_awareness@1.0-service,Outros / Serviços Gerais do SO,pid:656,Eventos não categorizados em nenhuma categoria anterior.,2,0.00%
android.hardware.health-service.automotive,Outros / Serviços Gerais do SO,pid:657,Eventos não categorizados em nenhuma categoria anterior.,2,0.00%
IvnAndroidDeviceImpl,Outros / Serviços Gerais do SO,pid:663,Eventos não categorizados em nenhuma categoria anterior.,2,0.00%
ShimDeviceManager,Outros / Serviços Gerais do SO,pid:690,Eventos não categorizados em nenhuma categoria anterior.,2,0.00%
flags_health_check,Outros / Serviços Gerais do SO,pid:788,Eventos não categorizados em nenhuma categoria anterior.,2,0.00%
usbd,Outros / Serviços Gerais do SO,pid:777,Eventos não categorizados em nenhuma categoria anterior.,2,0.00%
AudioAnalytics,Outros / Serviços Gerais do SO,pid:764,Eventos não categorizados em nenhuma categoria anterior.,2,0.00%
gatekeeperd,Outros / Serviços Gerais do SO,pid:773,Eventos não categorizados em nenhuma categoria anterior.,2,0.00%
AHAL_Config,Outros / Serviços Gerais do SO,android.hardware.audio.service,Eventos não categorizados em nenhuma categoria anterior.,2,0.00%
AHAL_Telephony,Outros / Serviços Gerais do SO,android.hardware.audio.service,Eventos não categorizados em nenhuma categoria anterior.,2,0.00%
apex_update_listener,Outros / Serviços Gerais do SO,pid:714,Eventos não categorizados em nenhuma categoria anterior.,2,0.00%
MediaExtractorFactory,Outros / Serviços Gerais do SO,mediaextractor,Eventos não categorizados em nenhuma categoria anterior.,2,0.00%
AudioPolicyEffects,Outros / Serviços Gerais do SO,audioserver,Eventos não categorizados em nenhuma categoria anterior.,2,0.00%
Typeface,Outros / Serviços Gerais do SO,zygote64,Eventos não categorizados em nenhuma categoria anterior.,2,0.00%
SystemFonts,Outros / Serviços Gerais do SO,"zygote64 (50.0%), system_server (50.0%)",Eventos não categorizados em nenhuma categoria anterior.,2,0.00%
ActivityRecognitionHardware,Outros / Serviços Gerais do SO,"zygote64 (50.0%), system_server (50.0%)",Eventos não categorizados em nenhuma categoria anterior.,2,0.00%
VibratorInfo,Outros / Serviços Gerais do SO,"zygote64 (50.0%), system_server (50.0%)",Eventos não categorizados em nenhuma categoria anterior.,2,0.00%
OverlayConfig,Outros / Serviços Gerais do SO,"zygote64 (50.0%), system_server (50.0%)",Eventos não categorizados em nenhuma categoria anterior.,2,0.00%
ApexManagerTiming,Outros / Serviços Gerais do SO,system_server,Eventos não categorizados em nenhuma categoria anterior.,2,0.00%
PowerProfile,Outros / Serviços Gerais do SO,system_server,Eventos não categorizados em nenhuma categoria anterior.,2,0.00%
PowerHalLoader,Outros / Serviços Gerais do SO,"system_server (50.0%), pid:724 (50.0%)",Eventos não categorizados em nenhuma categoria anterior.,2,0.00%
PluginManager,Outros / Serviços Gerais do SO,system_server,Eventos não categorizados em nenhuma categoria anterior.,2,0.00%
AccessPersistence,Gestão de Usuários e Acesso,system_server,"Perfis de usuário (motorista/passageiro), permissões de apps e contas.",2,0.00%
preloads_copy,Outros / Serviços Gerais do SO,"pid:2523 (50.0%), pid:2525 (50.0%)",Eventos não categorizados em nenhuma categoria anterior.,2,0.00%
storaged,Outros / Serviços Gerais do SO,pid:766,Eventos não categorizados em nenhuma categoria anterior.,2,0.00%
HealthServiceWrapperAidl,Outros / Serviços Gerais do SO,system_server,Eventos não categorizados em nenhuma categoria anterior.,2,0.00%
DeviceStateManagerService,Outros / Serviços Gerais do SO,system_server,Eventos não categorizados em nenhuma categoria anterior.,2,0.00%
DesktopModeFlags,Outros / Serviços Gerais do SO,"system_server (50.0%), com.android.systemui (50.0%)",Eventos não categorizados em nenhuma categoria anterior.,2,0.00%
ProtoLogImpl,Outros / Serviços Gerais do SO,"system_server (50.0%), com.android.systemui (50.0%)",Eventos não categorizados em nenhuma categoria anterior.,2,0.00%
SyncManager,Gestão de Usuários e Acesso,system_server,"Perfis de usuário (motorista/passageiro), permissões de apps e contas.",2,0.00%
WatchlistLoggingHandler,Outros / Serviços Gerais do SO,system_server,Eventos não categorizados em nenhuma categoria anterior.,2,0.00%
RolesPersistenceImpl,Outros / Serviços Gerais do SO,system_server,Eventos não categorizados em nenhuma categoria anterior.,2,0.00%
RoleServicePlatformHelperImpl,Outros / Serviços Gerais do SO,system_server,Eventos não categorizados em nenhuma categoria anterior.,2,0.00%
OemLock,Outros / Serviços Gerais do SO,system_server,Eventos não categorizados em nenhuma categoria anterior.,2,0.00%
DevicePolicyManagerService,Outros / Serviços Gerais do SO,system_server,Eventos não categorizados em nenhuma categoria anterior.,2,0.00%
RcsArchivalAppTracker,Gestão de Usuários e Acesso,system_server,"Perfis de usuário (motorista/passageiro), permissões de apps e contas.",2,0.00%
NetworkStatsServiceInitializer,Outros / Serviços Gerais do SO,system_server,Eventos não categorizados em nenhuma categoria anterior.,2,0.00%
ScanMetrics,Subssistema Automotivo (AAOS),system_server,"Barramentos veiculares, HVAC, CarService, Vehicle HAL (VHAL), Cluster e telemetria.",2,0.00%
HwBinder,Outros / Serviços Gerais do SO,system_server,Eventos não categorizados em nenhuma categoria anterior.,2,0.00%
HwNoService,Outros / Serviços Gerais do SO,system_server,Eventos não categorizados em nenhuma categoria anterior.,2,0.00%
NearbyService,Outros / Serviços Gerais do SO,system_server,Eventos não categorizados em nenhuma categoria anterior.,2,0.00%
ConnectivityServiceInitializerB,Outros / Serviços Gerais do SO,system_server,Eventos não categorizados em nenhuma categoria anterior.,2,0.00%
TimeCheck,Outros / Serviços Gerais do SO,audioserver,Eventos não categorizados em nenhuma categoria anterior.,2,0.00%
PowerManagerService,Outros / Serviços Gerais do SO,system_server,"Gerenciamento de estados de energia, wake locks e tela",2,0.00%
BcRadioAidlSrv,Outros / Serviços Gerais do SO,system_server,Eventos não categorizados em nenhuma categoria anterior.,2,0.00%
BcRadioAidlDef,Outros / Serviços Gerais do SO,pid:660,Eventos não categorizados em nenhuma categoria anterior.,2,0.00%
CDM_ObservableUuidStore,Gestão de Usuários e Acesso,system_server,"Perfis de usuário (motorista/passageiro), permissões de apps e contas.",2,0.00%
FingerprintService,Outros / Serviços Gerais do SO,system_server,Eventos não categorizados em nenhuma categoria anterior.,2,0.00%
FaceService,Outros / Serviços Gerais do SO,system_server,Eventos não categorizados em nenhuma categoria anterior.,2,0.00%
android.hardware.biometrics.fingerprint-service.default,Outros / Serviços Gerais do SO,VirtualHalConfig,Eventos não categorizados em nenhuma categoria anterior.,2,0.00%
Sensor,Gestão de Usuários e Acesso,system_server,"Perfis de usuário (motorista/passageiro), permissões de apps e contas.",2,0.00%
SignalCollectorService,Outros / Serviços Gerais do SO,system_server,Eventos não categorizados em nenhuma categoria anterior.,2,0.00%
AnomalyDetectorController,Outros / Serviços Gerais do SO,system_server,Eventos não categorizados em nenhuma categoria anterior.,2,0.00%
KeyguardServiceDelegate,Gestão de Usuários e Acesso,system_server,"Perfis de usuário (motorista/passageiro), permissões de apps e contas.",2,0.00%
AppIdleHistory,Gestão de Usuários e Acesso,system_server,"Perfis de usuário (motorista/passageiro), permissões de apps e contas.",2,0.00%
VibratorManagerService,Outros / Serviços Gerais do SO,system_server,Eventos não categorizados em nenhuma categoria anterior.,2,0.00%
WifiApConfigStore,Outros / Serviços Gerais do SO,system_server,Eventos não categorizados em nenhuma categoria anterior.,2,0.00%
WifiController,Outros / Serviços Gerais do SO,system_server,Eventos não categorizados em nenhuma categoria anterior.,2,0.00%
Nl80211BroadcastMonitor,Outros / Serviços Gerais do SO,system_server,Eventos não categorizados em nenhuma categoria anterior.,2,0.00%
thermal_changed,Outros / Serviços Gerais do SO,system_server,Eventos não categorizados em nenhuma categoria anterior.,2,0.00%
InputProcessor,Outros / Serviços Gerais do SO,system_server,Eventos não categorizados em nenhuma categoria anterior.,2,0.00%
PermissionService,Gestão de Usuários e Acesso,system_server,"Perfis de usuário (motorista/passageiro), permissões de apps e contas.",2,0.00%
ssioncontroller,Outros / Serviços Gerais do SO,com.android.permissioncontroller,Eventos não categorizados em nenhuma categoria anterior.,2,0.00%
OmxInfoBuilder,Outros / Serviços Gerais do SO,"pid:2987 (50.0%), pid:3918 (50.0%)",Eventos não categorizados em nenhuma categoria anterior.,2,0.00%
WebViewLoader-x,Outros / Serviços Gerais do SO,WebViewLoader,Eventos não categorizados em nenhuma categoria anterior.,2,0.00%
NetworkPolicy,Outros / Serviços Gerais do SO,system_server,Eventos não categorizados em nenhuma categoria anterior.,2,0.00%
com.android.car,Subssistema Automotivo (AAOS),com.android.car,"Barramentos veiculares, HVAC, CarService, Vehicle HAL (VHAL), Cluster e telemetria.",2,0.00%
TelecomLoaderService,Outros / Serviços Gerais do SO,system_server,Eventos não categorizados em nenhuma categoria anterior.,2,0.00%
am_proc_died,Outros / Serviços Gerais do SO,system_server,Eventos não categorizados em nenhuma categoria anterior.,2,0.00%
GnssJni,Outros / Serviços Gerais do SO,system_server,Eventos não categorizados em nenhuma categoria anterior.,2,0.00%
CAR.SERVICE,Subssistema Automotivo (AAOS),com.android.car,"Barramentos veiculares, HVAC, CarService, Vehicle HAL (VHAL), Cluster e telemetria.",2,0.00%
CarOemProxyService,Subssistema Automotivo (AAOS),com.android.car,"Barramentos veiculares, HVAC, CarService, Vehicle HAL (VHAL), Cluster e telemetria.",2,0.00%
GnssPsdsAidl,Outros / Serviços Gerais do SO,pid:683,Eventos não categorizados em nenhuma categoria anterior.,2,0.00%
GnssGeofenceAidl,Outros / Serviços Gerais do SO,pid:683,Eventos não categorizados em nenhuma categoria anterior.,2,0.00%
AGnssRilAidl,Outros / Serviços Gerais do SO,pid:683,Eventos não categorizados em nenhuma categoria anterior.,2,0.00%
MeasurementCorrectionsInterface,Outros / Serviços Gerais do SO,pid:683,Eventos não categorizados em nenhuma categoria anterior.,2,0.00%
MeasurementCorrectionsCbJni,Outros / Serviços Gerais do SO,system_server,Eventos não categorizados em nenhuma categoria anterior.,2,0.00%
GnssPowerIndicationAidl,Outros / Serviços Gerais do SO,pid:683,Eventos não categorizados em nenhuma categoria anterior.,2,0.00%
GnssLocationProviderJni,Outros / Serviços Gerais do SO,system_server,Eventos não categorizados em nenhuma categoria anterior.,2,0.00%
GnssAssistanceInterfaceAidl,Outros / Serviços Gerais do SO,pid:683,Eventos não categorizados em nenhuma categoria anterior.,2,0.00%
GnssAntennaInfoAidl,Outros / Serviços Gerais do SO,pid:683,Eventos não categorizados em nenhuma categoria anterior.,2,0.00%
GnssBatchingAidl,Outros / Serviços Gerais do SO,pid:683,Eventos não categorizados em nenhuma categoria anterior.,2,0.00%
car_helper_boot_phase,Subssistema Automotivo (AAOS),system_server,"Barramentos veiculares, HVAC, CarService, Vehicle HAL (VHAL), Cluster e telemetria.",2,0.00%
uc_start_user_internal,Gestão de Usuários e Acesso,system_server,"Perfis de usuário (motorista/passageiro), permissões de apps e contas.",2,0.00%
ssm_user_starting,Gestão de Usuários e Acesso,system_server,"Perfis de usuário (motorista/passageiro), permissões de apps e contas.",2,0.00%
car_pwr_mgr_state_change,Subssistema Automotivo (AAOS),com.android.car,"Barramentos veiculares, HVAC, CarService, Vehicle HAL (VHAL), Cluster e telemetria.",2,0.00%
car_helper_user_starting,Subssistema Automotivo (AAOS),system_server,"Barramentos veiculares, HVAC, CarService, Vehicle HAL (VHAL), Cluster e telemetria.",2,0.00%
GameManagerService_GameManagerSettings,Outros / Serviços Gerais do SO,system_server,Eventos não categorizados em nenhuma categoria anterior.,2,0.00%
CAR.FastPairAccountKeyStorage,Subssistema Automotivo (AAOS),com.android.car,"Barramentos veiculares, HVAC, CarService, Vehicle HAL (VHAL), Cluster e telemetria.",2,0.00%
C2SoftAomEnc,Outros / Serviços Gerais do SO,mediaswcodec,Eventos não categorizados em nenhuma categoria anterior.,2,0.00%
CAR.FastPairProvider,Subssistema Automotivo (AAOS),com.android.car,"Barramentos veiculares, HVAC, CarService, Vehicle HAL (VHAL), Cluster e telemetria.",2,0.00%
com.android.car.procfsinspector,Subssistema Automotivo (AAOS),pid:3121,"Barramentos veiculares, HVAC, CarService, Vehicle HAL (VHAL), Cluster e telemetria.",2,0.00%
C2SoftAvcEnc,Auditoria e SELinux,mediaswcodec,"Daemon de auditoria do kernel (auditd), checagem de AVC denials e políticas SELinux.",2,0.00%
C2SoftHevcEnc,Outros / Serviços Gerais do SO,mediaswcodec,Eventos não categorizados em nenhuma categoria anterior.,2,0.00%
BluetoothAdapterApp,Outros / Serviços Gerais do SO,com.android.bluetooth,Eventos não categorizados em nenhuma categoria anterior.,2,0.00%
C2SoftMpeg4Enc,Outros / Serviços Gerais do SO,mediaswcodec,Eventos não categorizados em nenhuma categoria anterior.,2,0.00%
WatchConnectionStateListener,Outros / Serviços Gerais do SO,com.android.bluetooth,Eventos não categorizados em nenhuma categoria anterior.,2,0.00%
CarExperimentalFeatureServiceController,Subssistema Automotivo (AAOS),com.android.car,"Barramentos veiculares, HVAC, CarService, Vehicle HAL (VHAL), Cluster e telemetria.",2,0.00%
car_initial_user_set_last_active,Subssistema Automotivo (AAOS),com.android.car,"Barramentos veiculares, HVAC, CarService, Vehicle HAL (VHAL), Cluster e telemetria.",2,0.00%
um_user_visibility_changed,Gestão de Usuários e Acesso,system_server,"Perfis de usuário (motorista/passageiro), permissões de apps e contas.",2,0.00%
SyntheticPasswordCrypto,Criptografia e Chaves,system_server,"Keystore2, KeyMint, File-Based Encryption (FBE) e montagem de storage (vold).",2,0.00%
SecureElement-Terminal-eSE1,Outros / Serviços Gerais do SO,com.android.se,Eventos não categorizados em nenhuma categoria anterior.,2,0.00%
SecureElement-Terminal-eSE2,Outros / Serviços Gerais do SO,com.android.se,Eventos não categorizados em nenhuma categoria anterior.,2,0.00%
SecureElement-Terminal-SIM1,Outros / Serviços Gerais do SO,com.android.se,Eventos não categorizados em nenhuma categoria anterior.,2,0.00%
id.car.settings,Subssistema Automotivo (AAOS),com.android.car.settings,"Barramentos veiculares, HVAC, CarService, Vehicle HAL (VHAL), Cluster e telemetria.",2,0.00%
CarUserManager,Subssistema Automotivo (AAOS),"com.android.systemui (50.0%), com.android.car.carlauncher (50.0%)","Barramentos veiculares, HVAC, CarService, Vehicle HAL (VHAL), Cluster e telemetria.",2,0.00%
CarrierIdProvider$CarrierIdDatabaseHelper,Subssistema Automotivo (AAOS),com.android.phone,"Barramentos veiculares, HVAC, CarService, Vehicle HAL (VHAL), Cluster e telemetria.",2,0.00%
AutoLayoutManager,Outros / Serviços Gerais do SO,com.android.systemui,Eventos não categorizados em nenhuma categoria anterior.,2,0.00%
ImeTracker,Gestão de Usuários e Acesso,system_server,"Perfis de usuário (motorista/passageiro), permissões de apps e contas.",2,0.00%
FalsingManager,Outros / Serviços Gerais do SO,com.android.systemui,Eventos não categorizados em nenhuma categoria anterior.,2,0.00%
elockcontroller,Outros / Serviços Gerais do SO,com.android.devicelockcontroller,Eventos não categorizados em nenhuma categoria anterior.,2,0.00%
DeviceLockControllerApplication,Outros / Serviços Gerais do SO,com.android.devicelockcontroller,Eventos não categorizados em nenhuma categoria anterior.,2,0.00%
UserRestrictionsPolicyHandler,Gestão de Usuários e Acesso,com.android.devicelockcontroller,"Perfis de usuário (motorista/passageiro), permissões de apps e contas.",2,0.00%
ZenModeController,Gestão de Usuários e Acesso,com.android.systemui,"Perfis de usuário (motorista/passageiro), permissões de apps e contas.",2,0.00%
SystemUIService,Outros / Serviços Gerais do SO,com.android.systemui,Eventos não categorizados em nenhuma categoria anterior.,2,0.00%
TelephonyComponentFactory,Outros / Serviços Gerais do SO,com.android.phone,Eventos não categorizados em nenhuma categoria anterior.,2,0.00%
DomainSelectionResolver,Rede e Conexões,com.android.phone,"Roteamento de rede (netd), DNS (resolv), regras de iptables e conexões de depuração (adbd).",2,0.00%
PersistAtomsStorage,Outros / Serviços Gerais do SO,com.android.phone,Eventos não categorizados em nenhuma categoria anterior.,2,0.00%
PerDisplayStore,Outros / Serviços Gerais do SO,com.android.systemui,Eventos não categorizados em nenhuma categoria anterior.,2,0.00%
TelephonyAnalytics,Outros / Serviços Gerais do SO,com.android.phone,Eventos não categorizados em nenhuma categoria anterior.,2,0.00%
WAP PUSH,Outros / Serviços Gerais do SO,com.android.phone,Eventos não categorizados em nenhuma categoria anterior.,2,0.00%
GsmCellBroadcastHandler,Outros / Serviços Gerais do SO,com.android.networkstack.process,Eventos não categorizados em nenhuma categoria anterior.,2,0.00%
receiver.module,Outros / Serviços Gerais do SO,com.android.cellbroadcastreceiver.module,Eventos não categorizados em nenhuma categoria anterior.,2,0.00%
oadcastreceiver,Outros / Serviços Gerais do SO,com.android.cellbroadcastreceiver,Eventos não categorizados em nenhuma categoria anterior.,2,0.00%
PermissionManagerService,Gestão de Usuários e Acesso,system_server,"Perfis de usuário (motorista/passageiro), permissões de apps e contas.",2,0.00%
CellularIdentifierDisclosureNotifier,Outros / Serviços Gerais do SO,com.android.phone,Eventos não categorizados em nenhuma categoria anterior.,2,0.00%
AnswerToReset,Outros / Serviços Gerais do SO,com.android.phone,Eventos não categorizados em nenhuma categoria anterior.,2,0.00%
UiccSlot [0],Subssistema Automotivo (AAOS),com.android.phone,"Barramentos veiculares, HVAC, CarService, Vehicle HAL (VHAL), Cluster e telemetria.",2,0.00%
ActivityWindowManager,Outros / Serviços Gerais do SO,com.android.systemui,Eventos não categorizados em nenhuma categoria anterior.,2,0.00%
CarrierTestOverride,Subssistema Automotivo (AAOS),com.android.phone,"Barramentos veiculares, HVAC, CarService, Vehicle HAL (VHAL), Cluster e telemetria.",2,0.00%
gsm_service_state_change,Outros / Serviços Gerais do SO,com.android.phone,Eventos não categorizados em nenhuma categoria anterior.,2,0.00%
NotificationMemory,Outros / Serviços Gerais do SO,com.android.systemui,Eventos não categorizados em nenhuma categoria anterior.,2,0.00%
CarUserNoticeService,Subssistema Automotivo (AAOS),com.android.car,"Barramentos veiculares, HVAC, CarService, Vehicle HAL (VHAL), Cluster e telemetria.",2,0.00%
MigrationFromRoomDatabase,Outros / Serviços Gerais do SO,com.android.bluetooth,Eventos não categorizados em nenhuma categoria anterior.,2,0.00%
MigrationFromAccessPermissions,Gestão de Usuários e Acesso,com.android.bluetooth,"Perfis de usuário (motorista/passageiro), permissões de apps e contas.",2,0.00%
MigrationFromAvrcpVolume,Outros / Serviços Gerais do SO,com.android.bluetooth,Eventos não categorizados em nenhuma categoria anterior.,2,0.00%
BluetoothStorageManager,Gestão de Usuários e Acesso,com.android.bluetooth,"Perfis de usuário (motorista/passageiro), permissões de apps e contas.",2,0.00%
BluetoothLeAudioPeripheralServiceJni,Outros / Serviços Gerais do SO,com.android.bluetooth,Eventos não categorizados em nenhuma categoria anterior.,2,0.00%
wm_dim_finish_anim,Outros / Serviços Gerais do SO,system_server,Eventos não categorizados em nenhuma categoria anterior.,2,0.00%
bt_btif_config,Outros / Serviços Gerais do SO,com.android.bluetooth,Eventos não categorizados em nenhuma categoria anterior.,2,0.00%
bt_stack_config,Outros / Serviços Gerais do SO,com.android.bluetooth,Eventos não categorizados em nenhuma categoria anterior.,2,0.00%
bt_osi_wakelock,Outros / Serviços Gerais do SO,com.android.bluetooth,Eventos não categorizados em nenhuma categoria anterior.,2,0.00%
gatt_offload,Outros / Serviços Gerais do SO,com.android.bluetooth,Eventos não categorizados em nenhuma categoria anterior.,2,0.00%
bt_btm_pm,Outros / Serviços Gerais do SO,com.android.bluetooth,Eventos não categorizados em nenhuma categoria anterior.,2,0.00%
bt_btif_sock_hal,Outros / Serviços Gerais do SO,com.android.bluetooth,Eventos não categorizados em nenhuma categoria anterior.,2,0.00%
BTAudioProviderFactoryAIDL,Outros / Serviços Gerais do SO,android.hardware.audio.service,Eventos não categorizados em nenhuma categoria anterior.,2,0.00%
BTAudioProviderA2dpSW,Outros / Serviços Gerais do SO,android.hardware.audio.service,Eventos não categorizados em nenhuma categoria anterior.,2,0.00%
BluetoothCompanionManager,Outros / Serviços Gerais do SO,com.android.bluetooth,Eventos não categorizados em nenhuma categoria anterior.,2,0.00%
BluetoothMetrics,Outros / Serviços Gerais do SO,com.android.bluetooth,Eventos não categorizados em nenhuma categoria anterior.,2,0.00%
AvrcpControllerService,Outros / Serviços Gerais do SO,com.android.bluetooth,Eventos não categorizados em nenhuma categoria anterior.,2,0.00%
BluetoothHeadsetClientServiceJni,Outros / Serviços Gerais do SO,com.android.bluetooth,Eventos não categorizados em nenhuma categoria anterior.,2,0.00%
BluetoothPanServiceJni,Outros / Serviços Gerais do SO,com.android.bluetooth,Eventos não categorizados em nenhuma categoria anterior.,2,0.00%
PbapClientService,Outros / Serviços Gerais do SO,com.android.bluetooth,Eventos não categorizados em nenhuma categoria anterior.,2,0.00%
bt_btif_gatt,Outros / Serviços Gerais do SO,com.android.bluetooth,Eventos não categorizados em nenhuma categoria anterior.,2,0.00%
UserSwitchTransitionVM,Gestão de Usuários e Acesso,com.android.systemui,"Perfis de usuário (motorista/passageiro), permissões de apps e contas.",2,0.00%
ViewFlipper,Auditoria e SELinux,com.android.systemui,"Daemon de auditoria do kernel (auditd), checagem de AVC denials e políticas SELinux.",2,0.00%
AS.PlaybackActivityMon,Outros / Serviços Gerais do SO,system_server,Eventos não categorizados em nenhuma categoria anterior.,2,0.00%
QSFactory,Outros / Serviços Gerais do SO,com.android.systemui,Eventos não categorizados em nenhuma categoria anterior.,2,0.00%
BluetoothSdpJni,Outros / Serviços Gerais do SO,com.android.bluetooth,Eventos não categorizados em nenhuma categoria anterior.,2,0.00%
jank_cuj_events_cancel_request,Outros / Serviços Gerais do SO,com.android.systemui,Eventos não categorizados em nenhuma categoria anterior.,2,0.00%
CDM_BleDeviceProcessor,Outros / Serviços Gerais do SO,system_server,Eventos não categorizados em nenhuma categoria anterior.,2,0.00%
UwbSettingsStore,Outros / Serviços Gerais do SO,system_server,Eventos não categorizados em nenhuma categoria anterior.,2,0.00%
PowerManagerService.WLLog,Outros / Serviços Gerais do SO,system_server,Eventos não categorizados em nenhuma categoria anterior.,2,0.00%
nsconfig,Outros / Serviços Gerais do SO,com.android.phone,Eventos não categorizados em nenhuma categoria anterior.,2,0.00%
car.usb.handler,Subssistema Automotivo (AAOS),android.car.usb.handler,"Barramentos veiculares, HVAC, CarService, Vehicle HAL (VHAL), Cluster e telemetria.",2,0.00%
.templates.host,Outros / Serviços Gerais do SO,com.android.car.templates.host,Eventos não categorizados em nenhuma categoria anterior.,2,0.00%
ssm_user_unlocking,Gestão de Usuários e Acesso,system_server,"Perfis de usuário (motorista/passageiro), permissões de apps e contas.",2,0.00%
WearableSensingManagerService,Outros / Serviços Gerais do SO,system_server,Eventos não categorizados em nenhuma categoria anterior.,2,0.00%
WearableSensingManagerPerUserService,Gestão de Usuários e Acesso,system_server,"Perfis de usuário (motorista/passageiro), permissões de apps e contas.",2,0.00%
car_helper_user_unlocking,Subssistema Automotivo (AAOS),system_server,"Barramentos veiculares, HVAC, CarService, Vehicle HAL (VHAL), Cluster e telemetria.",2,0.00%
uc_finish_user_unlocked,Gestão de Usuários e Acesso,system_server,"Perfis de usuário (motorista/passageiro), permissões de apps e contas.",2,0.00%
ndroid.keychain,Outros / Serviços Gerais do SO,com.android.keychain,Eventos não categorizados em nenhuma categoria anterior.,2,0.00%
PickerNotificationSender,Outros / Serviços Gerais do SO,com.android.providers.media.module,Eventos não categorizados em nenhuma categoria anterior.,2,0.00%
PulledMetrics,Outros / Serviços Gerais do SO,com.android.providers.media.module,Eventos não categorizados em nenhuma categoria anterior.,2,0.00%
MediaApplication,Outros / Serviços Gerais do SO,com.android.providers.media.module,Eventos não categorizados em nenhuma categoria anterior.,2,0.00%
serviceDiscovery,Outros / Serviços Gerais do SO,system_server,Eventos não categorizados em nenhuma categoria anterior.,2,0.00%
PackageConfigPersister,Outros / Serviços Gerais do SO,system_server,Eventos não categorizados em nenhuma categoria anterior.,2,0.00%
uc_finish_user_unlocked_completed,Gestão de Usuários e Acesso,system_server,"Perfis de usuário (motorista/passageiro), permissões de apps e contas.",2,0.00%
ssm_user_unlocked,Gestão de Usuários e Acesso,system_server,"Perfis de usuário (motorista/passageiro), permissões de apps e contas.",2,0.00%
LaunchParamsPersister,Gestão de Usuários e Acesso,system_server,"Perfis de usuário (motorista/passageiro), permissões de apps e contas.",2,0.00%
GrammaticalInflection,Gestão de Usuários e Acesso,system_server,"Perfis de usuário (motorista/passageiro), permissões de apps e contas.",2,0.00%
AccountManagerService,Gestão de Usuários e Acesso,system_server,"Perfis de usuário (motorista/passageiro), permissões de apps e contas.",2,0.00%
car_helper_user_unlocked,Subssistema Automotivo (AAOS),system_server,"Barramentos veiculares, HVAC, CarService, Vehicle HAL (VHAL), Cluster e telemetria.",2,0.00%
DataManager$NotificationListener,Outros / Serviços Gerais do SO,system_server,Eventos não categorizados em nenhuma categoria anterior.,2,0.00%
gedprovisioning,Outros / Serviços Gerais do SO,com.android.managedprovisioning,Eventos não categorizados em nenhuma categoria anterior.,2,0.00%
wm_finish_activity,Subssistema Automotivo (AAOS),system_server,"Barramentos veiculares, HVAC, CarService, Vehicle HAL (VHAL), Cluster e telemetria.",2,0.00%
CDM_CompanionExemptionProcessor,Outros / Serviços Gerais do SO,system_server,Eventos não categorizados em nenhuma categoria anterior.,2,0.00%
wm_pause_activity,Subssistema Automotivo (AAOS),system_server,"Barramentos veiculares, HVAC, CarService, Vehicle HAL (VHAL), Cluster e telemetria.",2,0.00%
wm_on_paused_called,Subssistema Automotivo (AAOS),"com.android.car.settings (50.0%), com.android.car.mapsplaceholder (50.0%)","Barramentos veiculares, HVAC, CarService, Vehicle HAL (VHAL), Cluster e telemetria.",2,0.00%
SetupWizardCompletionTimeoutJobService,Outros / Serviços Gerais do SO,com.android.devicelockcontroller,Eventos não categorizados em nenhuma categoria anterior.,2,0.00%
CellBroadcastContentProvider,Outros / Serviços Gerais do SO,com.android.cellbroadcastreceiver.module,Eventos não categorizados em nenhuma categoria anterior.,2,0.00%
HealthConnectUtils,Outros / Serviços Gerais do SO,system_server,Eventos não categorizados em nenhuma categoria anterior.,2,0.00%
am_schedule_service_restart,Outros / Serviços Gerais do SO,system_server,Eventos não categorizados em nenhuma categoria anterior.,2,0.00%
DlcClient,Outros / Serviços Gerais do SO,com.android.devicelockcontroller,Eventos não categorizados em nenhuma categoria anterior.,2,0.00%
SafetyCenterBackgroundR,Outros / Serviços Gerais do SO,com.android.permissioncontroller,Eventos não categorizados em nenhuma categoria anterior.,2,0.00%
DeviceLockServiceImpl,Gestão de Usuários e Acesso,system_server,"Perfis de usuário (motorista/passageiro), permissões de apps e contas.",2,0.00%
android.traceur,Outros / Serviços Gerais do SO,com.android.traceur,Eventos não categorizados em nenhuma categoria anterior.,2,0.00%
CarLauncher,Subssistema Automotivo (AAOS),com.android.car.carlauncher,"Barramentos veiculares, HVAC, CarService, Vehicle HAL (VHAL), Cluster e telemetria.",2,0.00%
Traceur,Outros / Serviços Gerais do SO,com.android.traceur,Eventos não categorizados em nenhuma categoria anterior.,2,0.00%
HealthConnectExportImport,Outros / Serviços Gerais do SO,system_server,Eventos não categorizados em nenhuma categoria anterior.,2,0.00%
GceBroadcastReceiver,Outros / Serviços Gerais do SO,com.android.google.gce.gceservice,Eventos não categorizados em nenhuma categoria anterior.,2,0.00%
ColorDisplayService,Gestão de Usuários e Acesso,system_server,"Perfis de usuário (motorista/passageiro), permissões de apps e contas.",2,0.00%
CalmModeQCProvider,Outros / Serviços Gerais do SO,com.android.car.carlauncher,Eventos não categorizados em nenhuma categoria anterior.,2,0.00%
VRI[CarLauncher],Subssistema Automotivo (AAOS),com.android.car.carlauncher,"Barramentos veiculares, HVAC, CarService, Vehicle HAL (VHAL), Cluster e telemetria.",2,0.00%
rrierdefaultapp,Outros / Serviços Gerais do SO,com.android.carrierdefaultapp,Eventos não categorizados em nenhuma categoria anterior.,2,0.00%
AppHashHelper,Outros / Serviços Gerais do SO,android.ext.services,Eventos não categorizados em nenhuma categoria anterior.,2,0.00%
wm_destroy_activity,Subssistema Automotivo (AAOS),system_server,"Barramentos veiculares, HVAC, CarService, Vehicle HAL (VHAL), Cluster e telemetria.",2,0.00%
wm_task_removed,Subssistema Automotivo (AAOS),system_server,"Barramentos veiculares, HVAC, CarService, Vehicle HAL (VHAL), Cluster e telemetria.",2,0.00%
wm_on_stop_called,Subssistema Automotivo (AAOS),"com.android.car.settings (50.0%), com.android.car.mapsplaceholder (50.0%)","Barramentos veiculares, HVAC, CarService, Vehicle HAL (VHAL), Cluster e telemetria.",2,0.00%
BcRadioApp.service,Outros / Serviços Gerais do SO,com.android.car.radio,Eventos não categorizados em nenhuma categoria anterior.,2,0.00%
BroadcastRadio.manager,Outros / Serviços Gerais do SO,com.android.car.radio,Eventos não categorizados em nenhuma categoria anterior.,2,0.00%
viceentitlement,Outros / Serviços Gerais do SO,com.android.imsserviceentitlement,Eventos não categorizados em nenhuma categoria anterior.,2,0.00%
DockProtoDataController,Gestão de Usuários e Acesso,com.android.systemui,"Perfis de usuário (motorista/passageiro), permissões de apps e contas.",2,0.00%
FirebaseApp,Outros / Serviços Gerais do SO,com.android.imsserviceentitlement,Eventos não categorizados em nenhuma categoria anterior.,2,0.00%
FirebaseInitProvider,Outros / Serviços Gerais do SO,com.android.imsserviceentitlement,Eventos não categorizados em nenhuma categoria anterior.,2,0.00%
VRI[MapsPlaceholderActivity],Outros / Serviços Gerais do SO,com.android.car.mapsplaceholder,Eventos não categorizados em nenhuma categoria anterior.,2,0.00%
IMSSE-JobManager,Outros / Serviços Gerais do SO,com.android.imsserviceentitlement,Eventos não categorizados em nenhuma categoria anterior.,2,0.00%
IMSSE-TelephonyUtils,Outros / Serviços Gerais do SO,com.android.imsserviceentitlement,Eventos não categorizados em nenhuma categoria anterior.,2,0.00%
.adservices,Outros / Serviços Gerais do SO,.adservices,Eventos não categorizados em nenhuma categoria anterior.,2,0.00%
ApplicationContextProvider,Outros / Serviços Gerais do SO,.adservices,Eventos não categorizados em nenhuma categoria anterior.,2,0.00%
adservices-shared,Outros / Serviços Gerais do SO,.adservices,Eventos não categorizados em nenhuma categoria anterior.,2,0.00%
adservices,Outros / Serviços Gerais do SO,.adservices,Eventos não categorizados em nenhuma categoria anterior.,2,0.00%
OngoingActivityPrivacyChipViewController,Outros / Serviços Gerais do SO,com.android.systemui,Eventos não categorizados em nenhuma categoria anterior.,2,0.00%
CD.AsyncEntityLoader,Outros / Serviços Gerais do SO,com.android.car.dialer,Eventos não categorizados em nenhuma categoria anterior.,2,0.00%
d.process.acore,Outros / Serviços Gerais do SO,android.process.acore,Eventos não categorizados em nenhuma categoria anterior.,2,0.00%
vicediagnostics,Outros / Serviços Gerais do SO,com.android.devicediagnostics,Eventos não categorizados em nenhuma categoria anterior.,2,0.00%
nect.controller,Outros / Serviços Gerais do SO,com.android.healthconnect.controller,Eventos não categorizados em nenhuma categoria anterior.,2,0.00%
PhoneAccountHandleMigrationUtils_ContactsDatabaseHelper,Gestão de Usuários e Acesso,android.process.acore,"Perfis de usuário (motorista/passageiro), permissões de apps e contas.",2,0.00%
ContactLocale,Outros / Serviços Gerais do SO,android.process.acore,Eventos não categorizados em nenhuma categoria anterior.,2,0.00%
com.android.nfc,Outros / Serviços Gerais do SO,com.android.nfc,Eventos não categorizados em nenhuma categoria anterior.,2,0.00%
SQLiteLog,Outros / Serviços Gerais do SO,android.process.acore,Eventos não categorizados em nenhuma categoria anterior.,2,0.00%
ContactsFTS,Outros / Serviços Gerais do SO,android.process.acore,Eventos não categorizados em nenhuma categoria anterior.,2,0.00%
ContactAggregator,Outros / Serviços Gerais do SO,android.process.acore,Eventos não categorizados em nenhuma categoria anterior.,2,0.00%
ackageinstaller,Outros / Serviços Gerais do SO,com.android.packageinstaller,Eventos não categorizados em nenhuma categoria anterior.,2,0.00%
viders.calendar,Outros / Serviços Gerais do SO,com.android.providers.calendar,Eventos não categorizados em nenhuma categoria anterior.,2,0.00%
CalendarDatabaseHelper,Outros / Serviços Gerais do SO,com.android.providers.calendar,Eventos não categorizados em nenhuma categoria anterior.,2,0.00%
CalendarProvider2,Outros / Serviços Gerais do SO,com.android.providers.calendar,Eventos não categorizados em nenhuma categoria anterior.,2,0.00%
m.android.shell,Outros / Serviços Gerais do SO,com.android.shell,Eventos não categorizados em nenhuma categoria anterior.,2,0.00%
tatementservice,Outros / Serviços Gerais do SO,com.android.statementservice,Eventos não categorizados em nenhuma categoria anterior.,2,0.00%
RunOnBootCompleteTasksReceiver,Subssistema Automotivo (AAOS),com.google.android.car.networking.preferenceupdater,"Barramentos veiculares, HVAC, CarService, Vehicle HAL (VHAL), Cluster e telemetria.",2,0.00%
MediaUpgradeReceiver,Outros / Serviços Gerais do SO,com.android.providers.media.module,Eventos não categorizados em nenhuma categoria anterior.,2,0.00%
d.process.media,Outros / Serviços Gerais do SO,android.process.media,Eventos não categorizados em nenhuma categoria anterior.,2,0.00%
SplashScreenExceptionList,Subssistema Automotivo (AAOS),system_server,"Barramentos veiculares, HVAC, CarService, Vehicle HAL (VHAL), Cluster e telemetria.",2,0.00%
class com.android.car.datasubscription.DataSubscriptionController,Subssistema Automotivo (AAOS),com.android.systemui,"Barramentos veiculares, HVAC, CarService, Vehicle HAL (VHAL), Cluster e telemetria.",2,0.00%
DockTaskStackChangeListener,Gestão de Usuários e Acesso,com.android.systemui,"Perfis de usuário (motorista/passageiro), permissões de apps e contas.",2,0.00%
externalstorage,Outros / Serviços Gerais do SO,com.android.externalstorage,Eventos não categorizados em nenhuma categoria anterior.,2,0.00%
CTC.AsyncEntityLoader,Outros / Serviços Gerais do SO,android.car.cluster,Eventos não categorizados em nenhuma categoria anterior.,2,0.00%
DownloadManager,Outros / Serviços Gerais do SO,android.process.media,Eventos não categorizados em nenhuma categoria anterior.,2,0.00%
DisplayPowerController[4],Outros / Serviços Gerais do SO,system_server,Eventos não categorizados em nenhuma categoria anterior.,2,0.00%
ModeChangeObserver,Outros / Serviços Gerais do SO,system_server,Eventos não categorizados em nenhuma categoria anterior.,2,0.00%
FakeFreeNavigationActivity,Outros / Serviços Gerais do SO,android.car.cluster,Eventos não categorizados em nenhuma categoria anterior.,2,0.00%
RkpdBootReceiver,Outros / Serviços Gerais do SO,com.android.rkpdapp,Eventos não categorizados em nenhuma categoria anterior.,2,0.00%
WM-ConstraintTracker,Outros / Serviços Gerais do SO,com.android.rkpdapp,Eventos não categorizados em nenhuma categoria anterior.,2,0.00%
WM-BrdcstRcvrCnstrntTrc,Outros / Serviços Gerais do SO,com.android.rkpdapp,Eventos não categorizados em nenhuma categoria anterior.,2,0.00%
SyncWorkManager,Outros / Serviços Gerais do SO,com.android.providers.media.module,Eventos não categorizados em nenhuma categoria anterior.,2,0.00%
ResourceTimer,Outros / Serviços Gerais do SO,system_server,Eventos não categorizados em nenhuma categoria anterior.,2,0.00%
AppOpHistoryQueryHelper,Outros / Serviços Gerais do SO,system_server,Eventos não categorizados em nenhuma categoria anterior.,2,0.00%
Command line,Auditoria e SELinux,servicemanager,"Daemon de auditoria do kernel (auditd), checagem de AVC denials e políticas SELinux.",1,0.00%
[Firmware Bug],Outros / Serviços Gerais do SO,servicemanager,Eventos não categorizados em nenhuma categoria anterior.,1,0.00%
earlycon,Outros / Serviços Gerais do SO,servicemanager,Eventos não categorizados em nenhuma categoria anterior.,1,0.00%
Hypervisor detected,Outros / Serviços Gerais do SO,servicemanager,Eventos não categorizados em nenhuma categoria anterior.,1,0.00%
tsc,Outros / Serviços Gerais do SO,servicemanager,Eventos não categorizados em nenhuma categoria anterior.,1,0.00%
MTRR map,Outros / Serviços Gerais do SO,servicemanager,Eventos não categorizados em nenhuma categoria anterior.,1,0.00%
x86/PAT,Outros / Serviços Gerais do SO,servicemanager,Eventos não categorizados em nenhuma categoria anterior.,1,0.00%
RAMDISK,Outros / Serviços Gerais do SO,servicemanager,Eventos não categorizados em nenhuma categoria anterior.,1,0.00%
IOAPIC[0],Outros / Serviços Gerais do SO,servicemanager,Eventos não categorizados em nenhuma categoria anterior.,1,0.00%
Load bootconfig,Outros / Serviços Gerais do SO,servicemanager,Eventos não categorizados em nenhuma categoria anterior.,1,0.00%
setup_percpu,Outros / Serviços Gerais do SO,servicemanager,Eventos não categorizados em nenhuma categoria anterior.,1,0.00%
percpu,Outros / Serviços Gerais do SO,servicemanager,Eventos não categorizados em nenhuma categoria anterior.,1,0.00%
cgroup,Outros / Serviços Gerais do SO,servicemanager,Eventos não categorizados em nenhuma categoria anterior.,1,0.00%
random,Outros / Serviços Gerais do SO,servicemanager,Eventos não categorizados em nenhuma categoria anterior.,1,0.00%
mem auto-init,Outros / Serviços Gerais do SO,servicemanager,Eventos não categorizados em nenhuma categoria anterior.,1,0.00%
stackdepot,Outros / Serviços Gerais do SO,servicemanager,Eventos não categorizados em nenhuma categoria anterior.,1,0.00%
SLUB,Outros / Serviços Gerais do SO,servicemanager,Eventos não categorizados em nenhuma categoria anterior.,1,0.00%
RCU Tasks,Outros / Serviços Gerais do SO,servicemanager,Eventos não categorizados em nenhuma categoria anterior.,1,0.00%
NR_IRQS,Outros / Serviços Gerais do SO,servicemanager,Eventos não categorizados em nenhuma categoria anterior.,1,0.00%
kfence,Outros / Serviços Gerais do SO,servicemanager,Eventos não categorizados em nenhuma categoria anterior.,1,0.00%
x86/cpu,Gestão de Usuários e Acesso,servicemanager,"Perfis de usuário (motorista/passageiro), permissões de apps e contas.",1,0.00%
Spectre V1,Gestão de Usuários e Acesso,servicemanager,"Perfis de usuário (motorista/passageiro), permissões de apps e contas.",1,0.00%
RETBleed,Outros / Serviços Gerais do SO,servicemanager,Eventos não categorizados em nenhuma categoria anterior.,1,0.00%
SMP alternatives,Outros / Serviços Gerais do SO,servicemanager,Eventos não categorizados em nenhuma categoria anterior.,1,0.00%
pid_max,Outros / Serviços Gerais do SO,servicemanager,Eventos não categorizados em nenhuma categoria anterior.,1,0.00%
LSM,Auditoria e SELinux,servicemanager,"Daemon de auditoria do kernel (auditd), checagem de AVC denials e políticas SELinux.",1,0.00%
landlock,Outros / Serviços Gerais do SO,servicemanager,Eventos não categorizados em nenhuma categoria anterior.,1,0.00%
Performance Events,Outros / Serviços Gerais do SO,servicemanager,Eventos não categorizados em nenhuma categoria anterior.,1,0.00%
... version,Outros / Serviços Gerais do SO,servicemanager,Eventos não categorizados em nenhuma categoria anterior.,1,0.00%
signal,Outros / Serviços Gerais do SO,servicemanager,Eventos não categorizados em nenhuma categoria anterior.,1,0.00%
Timer migration,Outros / Serviços Gerais do SO,servicemanager,Eventos não categorizados em nenhuma categoria anterior.,1,0.00%
dyndbg,Outros / Serviços Gerais do SO,servicemanager,Eventos não categorizados em nenhuma categoria anterior.,1,0.00%
Memory,Outros / Serviços Gerais do SO,servicemanager,Eventos não categorizados em nenhuma categoria anterior.,1,0.00%
x86/mm,Outros / Serviços Gerais do SO,servicemanager,Eventos não categorizados em nenhuma categoria anterior.,1,0.00%
cpuidle,Outros / Serviços Gerais do SO,servicemanager,Eventos não categorizados em nenhuma categoria anterior.,1,0.00%
kprobes,Outros / Serviços Gerais do SO,servicemanager,Eventos não categorizados em nenhuma categoria anterior.,1,0.00%
cryptd,Criptografia e Chaves,servicemanager,"Keystore2, KeyMint, File-Based Encryption (FBE) e montagem de storage (vold).",1,0.00%
mc,Outros / Serviços Gerais do SO,servicemanager,Eventos não categorizados em nenhuma categoria anterior.,1,0.00%
videodev,Outros / Serviços Gerais do SO,servicemanager,Eventos não categorizados em nenhuma categoria anterior.,1,0.00%
EDAC MC,Outros / Serviços Gerais do SO,servicemanager,Eventos não categorizados em nenhuma categoria anterior.,1,0.00%
vgaarb,Outros / Serviços Gerais do SO,servicemanager,Eventos não categorizados em nenhuma categoria anterior.,1,0.00%
system 00,Outros / Serviços Gerais do SO,servicemanager,Eventos não categorizados em nenhuma categoria anterior.,1,0.00%
TCP,Outros / Serviços Gerais do SO,servicemanager,Eventos não categorizados em nenhuma categoria anterior.,1,0.00%
PCI-DMA,Outros / Serviços Gerais do SO,servicemanager,Eventos não categorizados em nenhuma categoria anterior.,1,0.00%
kvm_intel,Outros / Serviços Gerais do SO,servicemanager,Eventos não categorizados em nenhuma categoria anterior.,1,0.00%
platform rtc_cmos,Outros / Serviços Gerais do SO,servicemanager,Eventos não categorizados em nenhuma categoria anterior.,1,0.00%
workingset,Outros / Serviços Gerais do SO,servicemanager,Eventos não categorizados em nenhuma categoria anterior.,1,0.00%
fuse,Outros / Serviços Gerais do SO,servicemanager,Eventos não categorizados em nenhuma categoria anterior.,1,0.00%
Serial,Outros / Serviços Gerais do SO,servicemanager,Eventos não categorizados em nenhuma categoria anterior.,1,0.00%
serial8250,Outros / Serviços Gerais do SO,servicemanager,Eventos não categorizados em nenhuma categoria anterior.,1,0.00%
brd,Outros / Serviços Gerais do SO,servicemanager,Eventos não categorizados em nenhuma categoria anterior.,1,0.00%
loop,Outros / Serviços Gerais do SO,servicemanager,Eventos não categorizados em nenhuma categoria anterior.,1,0.00%
tun,Outros / Serviços Gerais do SO,servicemanager,Eventos não categorizados em nenhuma categoria anterior.,1,0.00%
i8042,Outros / Serviços Gerais do SO,servicemanager,Eventos não categorizados em nenhuma categoria anterior.,1,0.00%
gspca_main,Outros / Serviços Gerais do SO,servicemanager,Eventos não categorizados em nenhuma categoria anterior.,1,0.00%
amd_pstate,Outros / Serviços Gerais do SO,servicemanager,Eventos não categorizados em nenhuma categoria anterior.,1,0.00%
sdhci-pltfm,Outros / Serviços Gerais do SO,servicemanager,Eventos não categorizados em nenhuma categoria anterior.,1,0.00%
hid,Outros / Serviços Gerais do SO,servicemanager,Eventos não categorizados em nenhuma categoria anterior.,1,0.00%
usbhid,Outros / Serviços Gerais do SO,servicemanager,Eventos não categorizados em nenhuma categoria anterior.,1,0.00%
ashmem,Outros / Serviços Gerais do SO,servicemanager,Eventos não categorizados em nenhuma categoria anterior.,1,0.00%
netem,Outros / Serviços Gerais do SO,servicemanager,Eventos não categorizados em nenhuma categoria anterior.,1,0.00%
xt_time,Outros / Serviços Gerais do SO,servicemanager,Eventos não categorizados em nenhuma categoria anterior.,1,0.00%
ipip,Outros / Serviços Gerais do SO,servicemanager,Eventos não categorizados em nenhuma categoria anterior.,1,0.00%
gre,Outros / Serviços Gerais do SO,servicemanager,Eventos não categorizados em nenhuma categoria anterior.,1,0.00%
ip_gre,Outros / Serviços Gerais do SO,servicemanager,Eventos não categorizados em nenhuma categoria anterior.,1,0.00%
mip6,Outros / Serviços Gerais do SO,servicemanager,Eventos não categorizados em nenhuma categoria anterior.,1,0.00%
sit,Outros / Serviços Gerais do SO,servicemanager,Eventos não categorizados em nenhuma categoria anterior.,1,0.00%
ip6_gre,Outros / Serviços Gerais do SO,servicemanager,Eventos não categorizados em nenhuma categoria anterior.,1,0.00%
sched_clock,Outros / Serviços Gerais do SO,servicemanager,Eventos não categorizados em nenhuma categoria anterior.,1,0.00%
failover,Outros / Serviços Gerais do SO,servicemanager,Eventos não categorizados em nenhuma categoria anterior.,1,0.00%
platform regulatory.0,Outros / Serviços Gerais do SO,servicemanager,Eventos não categorizados em nenhuma categoria anterior.,1,0.00%
mac80211_hwsim,Outros / Serviços Gerais do SO,servicemanager,Eventos não categorizados em nenhuma categoria anterior.,1,0.00%
[drm] pci,Outros / Serviços Gerais do SO,servicemanager,Eventos não categorizados em nenhuma categoria anterior.,1,0.00%
vda,Outros / Serviços Gerais do SO,servicemanager,Eventos não categorizados em nenhuma categoria anterior.,1,0.00%
vdb,Outros / Serviços Gerais do SO,servicemanager,Eventos não categorizados em nenhuma categoria anterior.,1,0.00%
loop12,Outros / Serviços Gerais do SO,servicemanager,Eventos não categorizados em nenhuma categoria anterior.,1,0.00%
loop3,Outros / Serviços Gerais do SO,servicemanager,Eventos não categorizados em nenhuma categoria anterior.,1,0.00%
loop5,Outros / Serviços Gerais do SO,servicemanager,Eventos não categorizados em nenhuma categoria anterior.,1,0.00%
loop6,Outros / Serviços Gerais do SO,servicemanager,Eventos não categorizados em nenhuma categoria anterior.,1,0.00%
loop10,Outros / Serviços Gerais do SO,servicemanager,Eventos não categorizados em nenhuma categoria anterior.,1,0.00%
loop2,Outros / Serviços Gerais do SO,servicemanager,Eventos não categorizados em nenhuma categoria anterior.,1,0.00%
loop4,Outros / Serviços Gerais do SO,servicemanager,Eventos não categorizados em nenhuma categoria anterior.,1,0.00%
loop13,Outros / Serviços Gerais do SO,servicemanager,Eventos não categorizados em nenhuma categoria anterior.,1,0.00%
loop0,Outros / Serviços Gerais do SO,servicemanager,Eventos não categorizados em nenhuma categoria anterior.,1,0.00%
loop26,Outros / Serviços Gerais do SO,servicemanager,Eventos não categorizados em nenhuma categoria anterior.,1,0.00%
EXT4-fs (loop2),Outros / Serviços Gerais do SO,servicemanager,Eventos não categorizados em nenhuma categoria anterior.,1,0.00%
EXT4-fs (loop36),Outros / Serviços Gerais do SO,servicemanager,Eventos não categorizados em nenhuma categoria anterior.,1,0.00%
EXT4-fs (loop18),Outros / Serviços Gerais do SO,servicemanager,Eventos não categorizados em nenhuma categoria anterior.,1,0.00%
EXT4-fs (loop74),Outros / Serviços Gerais do SO,servicemanager,Eventos não categorizados em nenhuma categoria anterior.,1,0.00%
EXT4-fs (loop63),Outros / Serviços Gerais do SO,servicemanager,Eventos não categorizados em nenhuma categoria anterior.,1,0.00%
EXT4-fs (loop44),Outros / Serviços Gerais do SO,servicemanager,Eventos não categorizados em nenhuma categoria anterior.,1,0.00%
EXT4-fs (loop73),Outros / Serviços Gerais do SO,servicemanager,Eventos não categorizados em nenhuma categoria anterior.,1,0.00%
EXT4-fs (loop46),Outros / Serviços Gerais do SO,servicemanager,Eventos não categorizados em nenhuma categoria anterior.,1,0.00%
EXT4-fs (loop62),Outros / Serviços Gerais do SO,servicemanager,Eventos não categorizados em nenhuma categoria anterior.,1,0.00%
EXT4-fs (loop12),Outros / Serviços Gerais do SO,servicemanager,Eventos não categorizados em nenhuma categoria anterior.,1,0.00%
EXT4-fs (loop17),Outros / Serviços Gerais do SO,servicemanager,Eventos não categorizados em nenhuma categoria anterior.,1,0.00%
EXT4-fs (loop7),Outros / Serviços Gerais do SO,servicemanager,Eventos não categorizados em nenhuma categoria anterior.,1,0.00%
EXT4-fs (loop29),Outros / Serviços Gerais do SO,servicemanager,Eventos não categorizados em nenhuma categoria anterior.,1,0.00%
EXT4-fs (loop60),Outros / Serviços Gerais do SO,servicemanager,Eventos não categorizados em nenhuma categoria anterior.,1,0.00%
EXT4-fs (loop71),Outros / Serviços Gerais do SO,servicemanager,Eventos não categorizados em nenhuma categoria anterior.,1,0.00%
EXT4-fs (loop53),Outros / Serviços Gerais do SO,servicemanager,Eventos não categorizados em nenhuma categoria anterior.,1,0.00%
EXT4-fs (loop4),Outros / Serviços Gerais do SO,servicemanager,Eventos não categorizados em nenhuma categoria anterior.,1,0.00%
EXT4-fs (loop1),Outros / Serviços Gerais do SO,servicemanager,Eventos não categorizados em nenhuma categoria anterior.,1,0.00%
EXT4-fs (loop27),Outros / Serviços Gerais do SO,servicemanager,Eventos não categorizados em nenhuma categoria anterior.,1,0.00%
EXT4-fs (loop58),Outros / Serviços Gerais do SO,servicemanager,Eventos não categorizados em nenhuma categoria anterior.,1,0.00%
EXT4-fs (loop11),Outros / Serviços Gerais do SO,servicemanager,Eventos não categorizados em nenhuma categoria anterior.,1,0.00%
EXT4-fs (loop16),Outros / Serviços Gerais do SO,servicemanager,Eventos não categorizados em nenhuma categoria anterior.,1,0.00%
EXT4-fs (loop66),Outros / Serviços Gerais do SO,servicemanager,Eventos não categorizados em nenhuma categoria anterior.,1,0.00%
EXT4-fs (loop23),Outros / Serviços Gerais do SO,servicemanager,Eventos não categorizados em nenhuma categoria anterior.,1,0.00%
EXT4-fs (loop65),Outros / Serviços Gerais do SO,servicemanager,Eventos não categorizados em nenhuma categoria anterior.,1,0.00%
EXT4-fs (loop8),Outros / Serviços Gerais do SO,servicemanager,Eventos não categorizados em nenhuma categoria anterior.,1,0.00%
EXT4-fs (loop55),Outros / Serviços Gerais do SO,servicemanager,Eventos não categorizados em nenhuma categoria anterior.,1,0.00%
EXT4-fs (loop40),Outros / Serviços Gerais do SO,servicemanager,Eventos não categorizados em nenhuma categoria anterior.,1,0.00%
EXT4-fs (loop35),Outros / Serviços Gerais do SO,servicemanager,Eventos não categorizados em nenhuma categoria anterior.,1,0.00%
EXT4-fs (loop67),Outros / Serviços Gerais do SO,servicemanager,Eventos não categorizados em nenhuma categoria anterior.,1,0.00%
EXT4-fs (loop47),Outros / Serviços Gerais do SO,servicemanager,Eventos não categorizados em nenhuma categoria anterior.,1,0.00%
EXT4-fs (loop72),Outros / Serviços Gerais do SO,servicemanager,Eventos não categorizados em nenhuma categoria anterior.,1,0.00%
EXT4-fs (loop5),Outros / Serviços Gerais do SO,servicemanager,Eventos não categorizados em nenhuma categoria anterior.,1,0.00%
EXT4-fs (loop28),Outros / Serviços Gerais do SO,servicemanager,Eventos não categorizados em nenhuma categoria anterior.,1,0.00%
EXT4-fs (loop45),Outros / Serviços Gerais do SO,servicemanager,Eventos não categorizados em nenhuma categoria anterior.,1,0.00%
EXT4-fs (loop9),Outros / Serviços Gerais do SO,servicemanager,Eventos não categorizados em nenhuma categoria anterior.,1,0.00%
EXT4-fs (loop32),Outros / Serviços Gerais do SO,servicemanager,Eventos não categorizados em nenhuma categoria anterior.,1,0.00%
EXT4-fs (loop6),Outros / Serviços Gerais do SO,servicemanager,Eventos não categorizados em nenhuma categoria anterior.,1,0.00%
EXT4-fs (loop64),Outros / Serviços Gerais do SO,servicemanager,Eventos não categorizados em nenhuma categoria anterior.,1,0.00%
EXT4-fs (loop10),Outros / Serviços Gerais do SO,servicemanager,Eventos não categorizados em nenhuma categoria anterior.,1,0.00%
EXT4-fs (loop43),Outros / Serviços Gerais do SO,servicemanager,Eventos não categorizados em nenhuma categoria anterior.,1,0.00%
EXT4-fs (loop41),Outros / Serviços Gerais do SO,servicemanager,Eventos não categorizados em nenhuma categoria anterior.,1,0.00%
EXT4-fs (loop54),Outros / Serviços Gerais do SO,servicemanager,Eventos não categorizados em nenhuma categoria anterior.,1,0.00%
EXT4-fs (loop14),Outros / Serviços Gerais do SO,servicemanager,Eventos não categorizados em nenhuma categoria anterior.,1,0.00%
EXT4-fs (loop42),Outros / Serviços Gerais do SO,servicemanager,Eventos não categorizados em nenhuma categoria anterior.,1,0.00%
EXT4-fs (loop22),Outros / Serviços Gerais do SO,servicemanager,Eventos não categorizados em nenhuma categoria anterior.,1,0.00%
EXT4-fs (loop52),Outros / Serviços Gerais do SO,servicemanager,Eventos não categorizados em nenhuma categoria anterior.,1,0.00%
EXT4-fs (loop34),Outros / Serviços Gerais do SO,servicemanager,Eventos não categorizados em nenhuma categoria anterior.,1,0.00%
EXT4-fs (loop70),Outros / Serviços Gerais do SO,servicemanager,Eventos não categorizados em nenhuma categoria anterior.,1,0.00%
EXT4-fs (loop59),Outros / Serviços Gerais do SO,servicemanager,Eventos não categorizados em nenhuma categoria anterior.,1,0.00%
EXT4-fs (loop37),Outros / Serviços Gerais do SO,servicemanager,Eventos não categorizados em nenhuma categoria anterior.,1,0.00%
EXT4-fs (loop19),Outros / Serviços Gerais do SO,servicemanager,Eventos não categorizados em nenhuma categoria anterior.,1,0.00%
EXT4-fs (loop15),Outros / Serviços Gerais do SO,servicemanager,Eventos não categorizados em nenhuma categoria anterior.,1,0.00%
EXT4-fs (loop24),Outros / Serviços Gerais do SO,servicemanager,Eventos não categorizados em nenhuma categoria anterior.,1,0.00%
EXT4-fs (loop48),Outros / Serviços Gerais do SO,servicemanager,Eventos não categorizados em nenhuma categoria anterior.,1,0.00%
EXT4-fs (loop3),Outros / Serviços Gerais do SO,servicemanager,Eventos não categorizados em nenhuma categoria anterior.,1,0.00%
EXT4-fs (loop31),Outros / Serviços Gerais do SO,servicemanager,Eventos não categorizados em nenhuma categoria anterior.,1,0.00%
EXT4-fs (loop68),Outros / Serviços Gerais do SO,servicemanager,Eventos não categorizados em nenhuma categoria anterior.,1,0.00%
EXT4-fs (loop30),Outros / Serviços Gerais do SO,servicemanager,Eventos não categorizados em nenhuma categoria anterior.,1,0.00%
EXT4-fs (loop51),Outros / Serviços Gerais do SO,servicemanager,Eventos não categorizados em nenhuma categoria anterior.,1,0.00%
EXT4-fs (loop57),Outros / Serviços Gerais do SO,servicemanager,Eventos não categorizados em nenhuma categoria anterior.,1,0.00%
EXT4-fs (loop49),Outros / Serviços Gerais do SO,servicemanager,Eventos não categorizados em nenhuma categoria anterior.,1,0.00%
EXT4-fs (loop39),Outros / Serviços Gerais do SO,servicemanager,Eventos não categorizados em nenhuma categoria anterior.,1,0.00%
EXT4-fs (loop69),Outros / Serviços Gerais do SO,servicemanager,Eventos não categorizados em nenhuma categoria anterior.,1,0.00%
zram,Outros / Serviços Gerais do SO,servicemanager,Eventos não categorizados em nenhuma categoria anterior.,1,0.00%
goldfish_address_space,Outros / Serviços Gerais do SO,servicemanager,Eventos não categorizados em nenhuma categoria anterior.,1,0.00%
rtc-test.0,Outros / Serviços Gerais do SO,servicemanager,Eventos não categorizados em nenhuma categoria anterior.,1,0.00%
rtc-test.1,Outros / Serviços Gerais do SO,servicemanager,Eventos não categorizados em nenhuma categoria anterior.,1,0.00%
rtc-test.2,Outros / Serviços Gerais do SO,servicemanager,Eventos não categorizados em nenhuma categoria anterior.,1,0.00%
logd.auditd,Auditoria e SELinux,servicemanager,"Daemon de auditoria do kernel (auditd), checagem de AVC denials e políticas SELinux.",1,0.00%
logd.klogd,Outros / Serviços Gerais do SO,servicemanager,Eventos não categorizados em nenhuma categoria anterior.,1,0.00%
e2fsdroid,Outros / Serviços Gerais do SO,servicemanager,Eventos não categorizados em nenhuma categoria anterior.,1,0.00%
e2fsck,Outros / Serviços Gerais do SO,servicemanager,Eventos não categorizados em nenhuma categoria anterior.,1,0.00%
tune2fs,Outros / Serviços Gerais do SO,servicemanager,Eventos não categorizados em nenhuma categoria anterior.,1,0.00%
vhci_hcd,Outros / Serviços Gerais do SO,servicemanager,Eventos não categorizados em nenhuma categoria anterior.,1,0.00%
nd_pmem namespace0.0,Outros / Serviços Gerais do SO,servicemanager,Eventos não categorizados em nenhuma categoria anterior.,1,0.00%
nd_pmem namespace1.0,Outros / Serviços Gerais do SO,servicemanager,Eventos não categorizados em nenhuma categoria anterior.,1,0.00%
GUEST_BUILD_FINGERPRINT,Gestão de Usuários e Acesso,servicemanager,"Perfis de usuário (motorista/passageiro), permissões de apps e contas.",1,0.00%
capability,Outros / Serviços Gerais do SO,servicemanager,Eventos não categorizados em nenhuma categoria anterior.,1,0.00%
tombstoned,Integridade e Estabilidade,tombstoned,Daemon de gravação de arquivos de despejo de crash nativo (tombstones),1,0.00%
art_boot,Outros / Serviços Gerais do SO,pid:617,Eventos não categorizados em nenhuma categoria anterior.,1,0.00%
fs-verity,Outros / Serviços Gerais do SO,servicemanager,Eventos não categorizados em nenhuma categoria anterior.,1,0.00%
apexd-snapshotde,Outros / Serviços Gerais do SO,servicemanager,Eventos não categorizados em nenhuma categoria anterior.,1,0.00%
ieee80211 phy1,Outros / Serviços Gerais do SO,servicemanager,Eventos não categorizados em nenhuma categoria anterior.,1,0.00%
ieee80211 phy2,Outros / Serviços Gerais do SO,servicemanager,Eventos não categorizados em nenhuma categoria anterior.,1,0.00%
netdUnsolicited,Rede e Conexões,netd,"Roteamento de rede (netd), DNS (resolv), regras de iptables e conexões de depuração (adbd).",1,0.00%
TetherController,Outros / Serviços Gerais do SO,netd,Eventos não categorizados em nenhuma categoria anterior.,1,0.00%
android.hidl.allocator@1.0-service,Outros / Serviços Gerais do SO,pid:654,Eventos não categorizados em nenhuma categoria anterior.,1,0.00%
Netd,Rede e Conexões,netd,"Roteamento de rede (netd), DNS (resolv), regras de iptables e conexões de depuração (adbd).",1,0.00%
HealthLoop,Outros / Serviços Gerais do SO,servicemanager,Eventos não categorizados em nenhuma categoria anterior.,1,0.00%
android.hardware.sensors@2.1-impl.cuttlefish,Outros / Serviços Gerais do SO,pid:658,Eventos não categorizados em nenhuma categoria anterior.,1,0.00%
SensorsMultiHal,Outros / Serviços Gerais do SO,pid:658,Eventos não categorizados em nenhuma categoria anterior.,1,0.00%
android.hardware.automotive.audiocontrol-service.example,Outros / Serviços Gerais do SO,pid:659,Eventos não categorizados em nenhuma categoria anterior.,1,0.00%
nlinterceptor,Outros / Serviços Gerais do SO,pid:687,Eventos não categorizados em nenhuma categoria anterior.,1,0.00%
credstore,Outros / Serviços Gerais do SO,pid:716,Eventos não categorizados em nenhuma categoria anterior.,1,0.00%
gpuservice,Gestão de Usuários e Acesso,pid:717,"Perfis de usuário (motorista/passageiro), permissões de apps e contas.",1,0.00%
android.hardware.confirmationui-service.cuttlefish,Outros / Serviços Gerais do SO,pid:727,Eventos não categorizados em nenhuma categoria anterior.,1,0.00%
gsid,Outros / Serviços Gerais do SO,pid:725,Eventos não categorizados em nenhuma categoria anterior.,1,0.00%
android.hardware.automotive.remoteaccess@V2-default-service,Outros / Serviços Gerais do SO,pid:666,Eventos não categorizados em nenhuma categoria anterior.,1,0.00%
NonSecureSecretkeeper,Outros / Serviços Gerais do SO,pid:695,Eventos não categorizados em nenhuma categoria anterior.,1,0.00%
aidl.android.hardware.bluetooth.gatt.service.default,Outros / Serviços Gerais do SO,pid:708,Eventos não categorizados em nenhuma categoria anterior.,1,0.00%
aidl.android.hardware.bluetooth.ranging.service.default,Outros / Serviços Gerais do SO,pid:704,Eventos não categorizados em nenhuma categoria anterior.,1,0.00%
aidl.android.hardware.bluetooth.finder.default,Outros / Serviços Gerais do SO,pid:703,Eventos não categorizados em nenhuma categoria anterior.,1,0.00%
aidl.android.hardware.bluetooth.socket.service.default,Outros / Serviços Gerais do SO,pid:706,Eventos não categorizados em nenhuma categoria anterior.,1,0.00%
aidl.android.hardware.bluetooth.socket.service.lpp,Outros / Serviços Gerais do SO,pid:707,Eventos não categorizados em nenhuma categoria anterior.,1,0.00%
AHAL_Main,Outros / Serviços Gerais do SO,android.hardware.audio.service,Eventos não categorizados em nenhuma categoria anterior.,1,0.00%
boot_progress_start,Outros / Serviços Gerais do SO,zygote64,Eventos não categorizados em nenhuma categoria anterior.,1,0.00%
cutils,Outros / Serviços Gerais do SO,installd,Eventos não categorizados em nenhuma categoria anterior.,1,0.00%
FastMixerState,Outros / Serviços Gerais do SO,audioserver,Eventos não categorizados em nenhuma categoria anterior.,1,0.00%
mediametrics,Outros / Serviços Gerais do SO,pid:764,Eventos não categorizados em nenhuma categoria anterior.,1,0.00%
AudioPowerUsage,Outros / Serviços Gerais do SO,pid:764,Eventos não categorizados em nenhuma categoria anterior.,1,0.00%
MediaMetricsService,Outros / Serviços Gerais do SO,pid:764,Eventos não categorizados em nenhuma categoria anterior.,1,0.00%
main_extractorservice,Outros / Serviços Gerais do SO,mediaextractor,Eventos não categorizados em nenhuma categoria anterior.,1,0.00%
tombstone_transmit,Integridade e Estabilidade,pid:786,"Encerramento forçado de processos, ANR, tombstone de crashes e LowMemoryKiller (PSI).",1,0.00%
AHAL_ModulePrimary,Outros / Serviços Gerais do SO,android.hardware.audio.service,Eventos não categorizados em nenhuma categoria anterior.,1,0.00%
AudioPolicyService,Outros / Serviços Gerais do SO,audioserver,Eventos não categorizados em nenhuma categoria anterior.,1,0.00%
APM_EngineLoader,Outros / Serviços Gerais do SO,audioserver,Eventos não categorizados em nenhuma categoria anterior.,1,0.00%
BufferProvider,Outros / Serviços Gerais do SO,audioserver,Eventos não categorizados em nenhuma categoria anterior.,1,0.00%
snet_event_log,Outros / Serviços Gerais do SO,zygote64,Eventos não categorizados em nenhuma categoria anterior.,1,0.00%
boot_progress_preload_start,Outros / Serviços Gerais do SO,zygote64,Eventos não categorizados em nenhuma categoria anterior.,1,0.00%
MtpDeviceJNI,Outros / Serviços Gerais do SO,zygote64,Eventos não categorizados em nenhuma categoria anterior.,1,0.00%
boot_progress_preload_end,Outros / Serviços Gerais do SO,zygote64,Eventos não categorizados em nenhuma categoria anterior.,1,0.00%
system_server_start,Outros / Serviços Gerais do SO,system_server,Eventos não categorizados em nenhuma categoria anterior.,1,0.00%
SystemTimeZone,Outros / Serviços Gerais do SO,system_server,Eventos não categorizados em nenhuma categoria anterior.,1,0.00%
boot_progress_system_run,Outros / Serviços Gerais do SO,system_server,Eventos não categorizados em nenhuma categoria anterior.,1,0.00%
AconfigFlags,Outros / Serviços Gerais do SO,system_server,Eventos não categorizados em nenhuma categoria anterior.,1,0.00%
FeatureFlagsService,Outros / Serviços Gerais do SO,system_server,Eventos não categorizados em nenhuma categoria anterior.,1,0.00%
libbinder.Stability,Outros / Serviços Gerais do SO,system_server,Eventos não categorizados em nenhuma categoria anterior.,1,0.00%
MemoryLimiter,Outros / Serviços Gerais do SO,system_server,Eventos não categorizados em nenhuma categoria anterior.,1,0.00%
IntentFirewall,Rede e Conexões,system_server,"Roteamento de rede (netd), DNS (resolv), regras de iptables e conexões de depuração (adbd).",1,0.00%
android.permission.PermissionManager,Gestão de Usuários e Acesso,system_server,"Perfis de usuário (motorista/passageiro), permissões de apps e contas.",1,0.00%
CriticalEventLog,Outros / Serviços Gerais do SO,system_server,Eventos não categorizados em nenhuma categoria anterior.,1,0.00%
incfs-mounts,Outros / Serviços Gerais do SO,system_server,Eventos não categorizados em nenhuma categoria anterior.,1,0.00%
LightsService,Outros / Serviços Gerais do SO,system_server,Eventos não categorizados em nenhuma categoria anterior.,1,0.00%
boot_progress_pms_start,Outros / Serviços Gerais do SO,system_server,Eventos não categorizados em nenhuma categoria anterior.,1,0.00%
FallbackCategoryProvider,Outros / Serviços Gerais do SO,system_server,Eventos não categorizados em nenhuma categoria anterior.,1,0.00%
LegacyAppOpStateParser,Outros / Serviços Gerais do SO,system_server,Eventos não categorizados em nenhuma categoria anterior.,1,0.00%
boot_progress_pms_system_scan_start,Outros / Serviços Gerais do SO,system_server,Eventos não categorizados em nenhuma categoria anterior.,1,0.00%
PackageBackwardCompatibility,Outros / Serviços Gerais do SO,system_server,Eventos não categorizados em nenhuma categoria anterior.,1,0.00%
evs_app,Outros / Serviços Gerais do SO,pid:2530,Eventos não categorizados em nenhuma categoria anterior.,1,0.00%
boot_progress_pms_data_scan_start,Outros / Serviços Gerais do SO,system_server,Eventos não categorizados em nenhuma categoria anterior.,1,0.00%
boot_progress_pms_scan_end,Outros / Serviços Gerais do SO,system_server,Eventos não categorizados em nenhuma categoria anterior.,1,0.00%
ServiceUtilities,Outros / Serviços Gerais do SO,pid:764,Eventos não categorizados em nenhuma categoria anterior.,1,0.00%
boot_progress_pms_ready,Outros / Serviços Gerais do SO,system_server,Eventos não categorizados em nenhuma categoria anterior.,1,0.00%
BatteryService,Outros / Serviços Gerais do SO,system_server,Monitoramento de nível de carga e status da bateria,1,0.00%
battery_status,Outros / Serviços Gerais do SO,system_server,Eventos não categorizados em nenhuma categoria anterior.,1,0.00%
battery_level,Outros / Serviços Gerais do SO,system_server,Eventos não categorizados em nenhuma categoria anterior.,1,0.00%
EntropyMixer,Outros / Serviços Gerais do SO,system_server,Eventos não categorizados em nenhuma categoria anterior.,1,0.00%
SchedulingPolicyService,Outros / Serviços Gerais do SO,system_server,Eventos não categorizados em nenhuma categoria anterior.,1,0.00%
DeviceConfig,Outros / Serviços Gerais do SO,system_server,Eventos não categorizados em nenhuma categoria anterior.,1,0.00%
VintfHalVibratorManager,Outros / Serviços Gerais do SO,system_server,Eventos não categorizados em nenhuma categoria anterior.,1,0.00%
UserWakeupStore,Gestão de Usuários e Acesso,system_server,"Perfis de usuário (motorista/passageiro), permissões de apps e contas.",1,0.00%
Minikin,Outros / Serviços Gerais do SO,system_server,Eventos não categorizados em nenhuma categoria anterior.,1,0.00%
InputTracer,Outros / Serviços Gerais do SO,system_server,Eventos não categorizados em nenhuma categoria anterior.,1,0.00%
WindowTracingDataSource,Outros / Serviços Gerais do SO,system_server,Eventos não categorizados em nenhuma categoria anterior.,1,0.00%
FileService,Outros / Serviços Gerais do SO,system_server,Eventos não categorizados em nenhuma categoria anterior.,1,0.00%
AppWinLayoutSetService,Outros / Serviços Gerais do SO,system_server,Eventos não categorizados em nenhuma categoria anterior.,1,0.00%
device_idle,Outros / Serviços Gerais do SO,system_server,Eventos não categorizados em nenhuma categoria anterior.,1,0.00%
device_idle_light,Outros / Serviços Gerais do SO,system_server,Eventos não categorizados em nenhuma categoria anterior.,1,0.00%
FontManagerService,Outros / Serviços Gerais do SO,system_server,Eventos não categorizados em nenhuma categoria anterior.,1,0.00%
NetworkScoreService,Outros / Serviços Gerais do SO,system_server,Eventos não categorizados em nenhuma categoria anterior.,1,0.00%
NetworkTrace,Outros / Serviços Gerais do SO,system_server,Eventos não categorizados em nenhuma categoria anterior.,1,0.00%
SupplicantStaIfaceHal,Outros / Serviços Gerais do SO,system_server,Eventos não categorizados em nenhuma categoria anterior.,1,0.00%
SupplicantP2pIfaceHal,Outros / Serviços Gerais do SO,system_server,Eventos não categorizados em nenhuma categoria anterior.,1,0.00%
WifiCoexManager,Outros / Serviços Gerais do SO,system_server,Eventos não categorizados em nenhuma categoria anterior.,1,0.00%
WifiOpenNetworkNotifier,Outros / Serviços Gerais do SO,system_server,Eventos não categorizados em nenhuma categoria anterior.,1,0.00%
WifiPwrStatsManager,Outros / Serviços Gerais do SO,system_server,Eventos não categorizados em nenhuma categoria anterior.,1,0.00%
MulticastRoutingCoordinatorService,Outros / Serviços Gerais do SO,system_server,Eventos não categorizados em nenhuma categoria anterior.,1,0.00%
VpnManagerService,Outros / Serviços Gerais do SO,system_server,Eventos não categorizados em nenhuma categoria anterior.,1,0.00%
SystemUpdateManagerService,Outros / Serviços Gerais do SO,system_server,Eventos não categorizados em nenhuma categoria anterior.,1,0.00%
storage_state,Outros / Serviços Gerais do SO,system_server,Eventos não categorizados em nenhuma categoria anterior.,1,0.00%
AHAL_Bluetooth,Outros / Serviços Gerais do SO,android.hardware.audio.service,Eventos não categorizados em nenhuma categoria anterior.,1,0.00%
CaptureStateNotifier,Outros / Serviços Gerais do SO,audioserver,Eventos não categorizados em nenhuma categoria anterior.,1,0.00%
SoundTriggerMiddlewareDefaultHalFactory,Outros / Serviços Gerais do SO,system_server,Eventos não categorizados em nenhuma categoria anterior.,1,0.00%
BcRadioSrvAidl,Outros / Serviços Gerais do SO,system_server,Eventos não categorizados em nenhuma categoria anterior.,1,0.00%
DockObserver,Outros / Serviços Gerais do SO,system_server,Eventos não categorizados em nenhuma categoria anterior.,1,0.00%
AudioSystem-JNI,Outros / Serviços Gerais do SO,system_server,Eventos não categorizados em nenhuma categoria anterior.,1,0.00%
JobStore,Outros / Serviços Gerais do SO,system_server,Eventos não categorizados em nenhuma categoria anterior.,1,0.00%
AVF,Outros / Serviços Gerais do SO,system_server,Eventos não categorizados em nenhuma categoria anterior.,1,0.00%
libusbutils-power,Outros / Serviços Gerais do SO,pid:699,Eventos não categorizados em nenhuma categoria anterior.,1,0.00%
CDM_AssociationDiskStore,Gestão de Usuários e Acesso,system_server,"Perfis de usuário (motorista/passageiro), permissões de apps e contas.",1,0.00%
CameraManagerGlobal,Outros / Serviços Gerais do SO,system_server,Eventos não categorizados em nenhuma categoria anterior.,1,0.00%
BiometricNotificationLogger,Outros / Serviços Gerais do SO,system_server,Eventos não categorizados em nenhuma categoria anterior.,1,0.00%
AuthService,Gestão de Usuários e Acesso,system_server,"Perfis de usuário (motorista/passageiro), permissões de apps e contas.",1,0.00%
SelinuxAuditLogs,Auditoria e SELinux,system_server,"Daemon de auditoria do kernel (auditd), checagem de AVC denials e políticas SELinux.",1,0.00%
MediaMetricsManagerService,Outros / Serviços Gerais do SO,system_server,Eventos não categorizados em nenhuma categoria anterior.,1,0.00%
BiometricService,Outros / Serviços Gerais do SO,system_server,Eventos não categorizados em nenhuma categoria anterior.,1,0.00%
BiometricStrengthController,Outros / Serviços Gerais do SO,system_server,Eventos não categorizados em nenhuma categoria anterior.,1,0.00%
BiometricService/Sensor,Outros / Serviços Gerais do SO,system_server,Eventos não categorizados em nenhuma categoria anterior.,1,0.00%
SystemCtxSingleton,Outros / Serviços Gerais do SO,system_server,Eventos não categorizados em nenhuma categoria anterior.,1,0.00%
ondevicepersonalization,Outros / Serviços Gerais do SO,system_server,Eventos não categorizados em nenhuma categoria anterior.,1,0.00%
AnomalyDetectorService,Outros / Serviços Gerais do SO,system_server,Eventos não categorizados em nenhuma categoria anterior.,1,0.00%
SignalCollectorRegistry,Outros / Serviços Gerais do SO,system_server,Eventos não categorizados em nenhuma categoria anterior.,1,0.00%
KernelCpuProcStringReader,Outros / Serviços Gerais do SO,system_server,Eventos não categorizados em nenhuma categoria anterior.,1,0.00%
ScreenTimeoutOverridePolicy,Outros / Serviços Gerais do SO,system_server,Eventos não categorizados em nenhuma categoria anterior.,1,0.00%
QuotaTracker,Outros / Serviços Gerais do SO,system_server,Eventos não categorizados em nenhuma categoria anterior.,1,0.00%
NativeBinderStats,Outros / Serviços Gerais do SO,system_server,Eventos não categorizados em nenhuma categoria anterior.,1,0.00%
HintManagerService,Outros / Serviços Gerais do SO,system_server,Eventos não categorizados em nenhuma categoria anterior.,1,0.00%
KernelMemoryBandwidthStats,Outros / Serviços Gerais do SO,system_server,Eventos não categorizados em nenhuma categoria anterior.,1,0.00%
AlarmManager-TimeZoneOffsetHelper,Outros / Serviços Gerais do SO,system_server,Eventos não categorizados em nenhuma categoria anterior.,1,0.00%
EthernetServiceImpl,Outros / Serviços Gerais do SO,system_server,Eventos não categorizados em nenhuma categoria anterior.,1,0.00%
WifiInjector,Outros / Serviços Gerais do SO,system_server,Eventos não categorizados em nenhuma categoria anterior.,1,0.00%
SupplicantStaIfaceHalAidlBase,Outros / Serviços Gerais do SO,system_server,Eventos não categorizados em nenhuma categoria anterior.,1,0.00%
WifiVendorHal,Outros / Serviços Gerais do SO,system_server,Eventos não categorizados em nenhuma categoria anterior.,1,0.00%
EthernetTracker,Outros / Serviços Gerais do SO,system_server,Eventos não categorizados em nenhuma categoria anterior.,1,0.00%
WifiAdaptConnObserver,Outros / Serviços Gerais do SO,system_server,Eventos não categorizados em nenhuma categoria anterior.,1,0.00%
ContextHubSystemService,Outros / Serviços Gerais do SO,system_server,Eventos não categorizados em nenhuma categoria anterior.,1,0.00%
StagingManagerTiming,Outros / Serviços Gerais do SO,system_server,Eventos não categorizados em nenhuma categoria anterior.,1,0.00%
SharedLibrariesImpl,Outros / Serviços Gerais do SO,system_server,Eventos não categorizados em nenhuma categoria anterior.,1,0.00%
ReportEncoder,Outros / Serviços Gerais do SO,system_server,Eventos não categorizados em nenhuma categoria anterior.,1,0.00%
RescueParty,Outros / Serviços Gerais do SO,system_server,Eventos não categorizados em nenhuma categoria anterior.,1,0.00%
rescue_note,Outros / Serviços Gerais do SO,system_server,Eventos não categorizados em nenhuma categoria anterior.,1,0.00%
BrightnessSynchronizer,Outros / Serviços Gerais do SO,system_server,Eventos não categorizados em nenhuma categoria anterior.,1,0.00%
SecondaryDisplayPolicy,Outros / Serviços Gerais do SO,system_server,Eventos não categorizados em nenhuma categoria anterior.,1,0.00%
UwbService,Outros / Serviços Gerais do SO,system_server,Eventos não categorizados em nenhuma categoria anterior.,1,0.00%
AccessibilitySecurityPolicy,Subssistema Automotivo (AAOS),system_server,"Barramentos veiculares, HVAC, CarService, Vehicle HAL (VHAL), Cluster e telemetria.",1,0.00%
RangingService,Outros / Serviços Gerais do SO,system_server,Eventos não categorizados em nenhuma categoria anterior.,1,0.00%
SafetyCenterService,Outros / Serviços Gerais do SO,system_server,Eventos não categorizados em nenhuma categoria anterior.,1,0.00%
AppSearchModule,Outros / Serviços Gerais do SO,system_server,Eventos não categorizados em nenhuma categoria anterior.,1,0.00%
boot_progress_ams_ready,Outros / Serviços Gerais do SO,system_server,Eventos não categorizados em nenhuma categoria anterior.,1,0.00%
AppFGSTracker$NotificationListener,Outros / Serviços Gerais do SO,system_server,Eventos não categorizados em nenhuma categoria anterior.,1,0.00%
ThermalManagerService$ThermalHalWrapper,Outros / Serviços Gerais do SO,system_server,Eventos não categorizados em nenhuma categoria anterior.,1,0.00%
EventLogger,Outros / Serviços Gerais do SO,system_server,Eventos não categorizados em nenhuma categoria anterior.,1,0.00%
CarWatchdogDaemonHelper[CarServiceHelper],Subssistema Automotivo (AAOS),system_server,"Barramentos veiculares, HVAC, CarService, Vehicle HAL (VHAL), Cluster e telemetria.",1,0.00%
NetworkManagement,Outros / Serviços Gerais do SO,system_server,Eventos não categorizados em nenhuma categoria anterior.,1,0.00%
LoopbackEventHandler,Outros / Serviços Gerais do SO,system_server,Eventos não categorizados em nenhuma categoria anterior.,1,0.00%
WebViewLibraryLoader,Outros / Serviços Gerais do SO,WebViewLoader,Eventos não categorizados em nenhuma categoria anterior.,1,0.00%
car_service_create,Subssistema Automotivo (AAOS),com.android.car,"Barramentos veiculares, HVAC, CarService, Vehicle HAL (VHAL), Cluster e telemetria.",1,0.00%
car_service_connected,Subssistema Automotivo (AAOS),com.android.car,"Barramentos veiculares, HVAC, CarService, Vehicle HAL (VHAL), Cluster e telemetria.",1,0.00%
GnssBlocklistHelper,Outros / Serviços Gerais do SO,system_server,Eventos não categorizados em nenhuma categoria anterior.,1,0.00%
webview_zygote,Outros / Serviços Gerais do SO,webview_zygote,Eventos não categorizados em nenhuma categoria anterior.,1,0.00%
GnssConfigurationAidl,Outros / Serviços Gerais do SO,pid:683,Eventos não categorizados em nenhuma categoria anterior.,1,0.00%
ClusterHalService,Subssistema Automotivo (AAOS),com.android.car,"Barramentos veiculares, HVAC, CarService, Vehicle HAL (VHAL), Cluster e telemetria.",1,0.00%
CAR.TIME,Subssistema Automotivo (AAOS),com.android.car,"Barramentos veiculares, HVAC, CarService, Vehicle HAL (VHAL), Cluster e telemetria.",1,0.00%
car_user_svc_initial_user_info_req,Subssistema Automotivo (AAOS),com.android.car,"Barramentos veiculares, HVAC, CarService, Vehicle HAL (VHAL), Cluster e telemetria.",1,0.00%
car_user_hal_initial_user_info_req,Subssistema Automotivo (AAOS),com.android.car,"Barramentos veiculares, HVAC, CarService, Vehicle HAL (VHAL), Cluster e telemetria.",1,0.00%
StatsCompanionService,Outros / Serviços Gerais do SO,system_server,Eventos não categorizados em nenhuma categoria anterior.,1,0.00%
CarDisplayCompatScaleProvider,Subssistema Automotivo (AAOS),system_server,"Barramentos veiculares, HVAC, CarService, Vehicle HAL (VHAL), Cluster e telemetria.",1,0.00%
car_user_hal_initial_user_info_resp,Subssistema Automotivo (AAOS),com.android.car,"Barramentos veiculares, HVAC, CarService, Vehicle HAL (VHAL), Cluster e telemetria.",1,0.00%
car_user_svc_initial_user_info_resp,Subssistema Automotivo (AAOS),com.android.car,"Barramentos veiculares, HVAC, CarService, Vehicle HAL (VHAL), Cluster e telemetria.",1,0.00%
car_initial_user_info,Subssistema Automotivo (AAOS),com.android.car,"Barramentos veiculares, HVAC, CarService, Vehicle HAL (VHAL), Cluster e telemetria.",1,0.00%
CarUxRConfig,Subssistema Automotivo (AAOS),com.android.car,"Barramentos veiculares, HVAC, CarService, Vehicle HAL (VHAL), Cluster e telemetria.",1,0.00%
CAR.PolicyReader,Subssistema Automotivo (AAOS),com.android.car,"Barramentos veiculares, HVAC, CarService, Vehicle HAL (VHAL), Cluster e telemetria.",1,0.00%
CAR.VendorServiceController,Subssistema Automotivo (AAOS),com.android.car,"Barramentos veiculares, HVAC, CarService, Vehicle HAL (VHAL), Cluster e telemetria.",1,0.00%
car_pwr_mgr_state_req,Subssistema Automotivo (AAOS),com.android.car,"Barramentos veiculares, HVAC, CarService, Vehicle HAL (VHAL), Cluster e telemetria.",1,0.00%
CAR.SilentModeHandler,Subssistema Automotivo (AAOS),com.android.car,"Barramentos veiculares, HVAC, CarService, Vehicle HAL (VHAL), Cluster e telemetria.",1,0.00%
CAR.INPUT,Subssistema Automotivo (AAOS),com.android.car,"Barramentos veiculares, HVAC, CarService, Vehicle HAL (VHAL), Cluster e telemetria.",1,0.00%
GarageMode,Outros / Serviços Gerais do SO,com.android.car,Eventos não categorizados em nenhuma categoria anterior.,1,0.00%
CarDevicePolicyService,Subssistema Automotivo (AAOS),com.android.car,"Barramentos veiculares, HVAC, CarService, Vehicle HAL (VHAL), Cluster e telemetria.",1,0.00%
CarWifiService,Subssistema Automotivo (AAOS),com.android.car,"Barramentos veiculares, HVAC, CarService, Vehicle HAL (VHAL), Cluster e telemetria.",1,0.00%
car_service_set_car_service_helper,Subssistema Automotivo (AAOS),com.android.car,"Barramentos veiculares, HVAC, CarService, Vehicle HAL (VHAL), Cluster e telemetria.",1,0.00%
CarDevicePolicySafetyChecker,Subssistema Automotivo (AAOS),system_server,"Barramentos veiculares, HVAC, CarService, Vehicle HAL (VHAL), Cluster e telemetria.",1,0.00%
OveruseConfigurationCache,Outros / Serviços Gerais do SO,com.android.car,Eventos não categorizados em nenhuma categoria anterior.,1,0.00%
experimentalcar,Subssistema Automotivo (AAOS),com.android.experimentalcar,"Barramentos veiculares, HVAC, CarService, Vehicle HAL (VHAL), Cluster e telemetria.",1,0.00%
AudioControlZoneConverter,Outros / Serviços Gerais do SO,com.android.car,Eventos não categorizados em nenhuma categoria anterior.,1,0.00%
CarWatchdogDaemonHelper[CAR.WATCHDOG],Subssistema Automotivo (AAOS),com.android.car,"Barramentos veiculares, HVAC, CarService, Vehicle HAL (VHAL), Cluster e telemetria.",1,0.00%
CarTelemetryService,Subssistema Automotivo (AAOS),com.android.car,"Barramentos veiculares, HVAC, CarService, Vehicle HAL (VHAL), Cluster e telemetria.",1,0.00%
CAR.EXPIMPL,Subssistema Automotivo (AAOS),com.android.experimentalcar,"Barramentos veiculares, HVAC, CarService, Vehicle HAL (VHAL), Cluster e telemetria.",1,0.00%
car_initial_user_start_fg_user,Subssistema Automotivo (AAOS),com.android.car,"Barramentos veiculares, HVAC, CarService, Vehicle HAL (VHAL), Cluster e telemetria.",1,0.00%
CAR.InitialUserSetter,Subssistema Automotivo (AAOS),com.android.car,"Barramentos veiculares, HVAC, CarService, Vehicle HAL (VHAL), Cluster e telemetria.",1,0.00%
MR2ServiceImpl,Gestão de Usuários e Acesso,system_server,"Perfis de usuário (motorista/passageiro), permissões de apps e contas.",1,0.00%
MmsServiceBroker,Outros / Serviços Gerais do SO,system_server,Eventos não categorizados em nenhuma categoria anterior.,1,0.00%
car_user_svc_set_initial_user,Subssistema Automotivo (AAOS),com.android.car,"Barramentos veiculares, HVAC, CarService, Vehicle HAL (VHAL), Cluster e telemetria.",1,0.00%
car_user_svc_initial_user_info_req_complete,Subssistema Automotivo (AAOS),com.android.car,"Barramentos veiculares, HVAC, CarService, Vehicle HAL (VHAL), Cluster e telemetria.",1,0.00%
rkstack.process,Outros / Serviços Gerais do SO,com.android.networkstack.process,Eventos não categorizados em nenhuma categoria anterior.,1,0.00%
com.android.se,Outros / Serviços Gerais do SO,com.android.se,Eventos não categorizados em nenhuma categoria anterior.,1,0.00%
MobileRadioPowerStatsCollector,Outros / Serviços Gerais do SO,system_server,Eventos não categorizados em nenhuma categoria anterior.,1,0.00%
rearviewservice,Outros / Serviços Gerais do SO,com.google.android.car.samplerearviewservice,Eventos não categorizados em nenhuma categoria anterior.,1,0.00%
CoreSettingsObserver,Gestão de Usuários e Acesso,system_server,"Perfis de usuário (motorista/passageiro), permissões de apps e contas.",1,0.00%
am_switch_user,Gestão de Usuários e Acesso,system_server,"Perfis de usuário (motorista/passageiro), permissões de apps e contas.",1,0.00%
BluetoothPowerStatsCollector,Outros / Serviços Gerais do SO,system_server,Eventos não categorizados em nenhuma categoria anterior.,1,0.00%
WindowExtensionsImpl,Outros / Serviços Gerais do SO,com.android.car.settings,Eventos não categorizados em nenhuma categoria anterior.,1,0.00%
TelecomService,Outros / Serviços Gerais do SO,system_server,Eventos não categorizados em nenhuma categoria anterior.,1,0.00%
AutoTaskRepository,Subssistema Automotivo (AAOS),com.android.systemui,"Barramentos veiculares, HVAC, CarService, Vehicle HAL (VHAL), Cluster e telemetria.",1,0.00%
SatelliteProvider,Outros / Serviços Gerais do SO,com.android.phone,Eventos não categorizados em nenhuma categoria anterior.,1,0.00%
boot_progress_enable_screen,Outros / Serviços Gerais do SO,system_server,Eventos não categorizados em nenhuma categoria anterior.,1,0.00%
screen_toggled,Outros / Serviços Gerais do SO,system_server,Eventos não categorizados em nenhuma categoria anterior.,1,0.00%
AutoWmShell,Subssistema Automotivo (AAOS),com.android.systemui,"Barramentos veiculares, HVAC, CarService, Vehicle HAL (VHAL), Cluster e telemetria.",1,0.00%
ssm_user_switching,Gestão de Usuários e Acesso,system_server,"Perfis de usuário (motorista/passageiro), permissões de apps e contas.",1,0.00%
car_helper_user_switching,Subssistema Automotivo (AAOS),system_server,"Barramentos veiculares, HVAC, CarService, Vehicle HAL (VHAL), Cluster e telemetria.",1,0.00%
car_user_hal_legacy_switch_user_req,Subssistema Automotivo (AAOS),com.android.car,"Barramentos veiculares, HVAC, CarService, Vehicle HAL (VHAL), Cluster e telemetria.",1,0.00%
uc_dispatch_user_switch,Gestão de Usuários e Acesso,system_server,"Perfis de usuário (motorista/passageiro), permissões de apps e contas.",1,0.00%
ShadeStatusBarComponentsInteractor#phoneStatusBarViewController,Outros / Serviços Gerais do SO,com.android.systemui,Eventos não categorizados em nenhuma categoria anterior.,1,0.00%
ShadeStatusBarComponentsInteractor#disableFlagsInteractor,Outros / Serviços Gerais do SO,com.android.systemui,Eventos não categorizados em nenhuma categoria anterior.,1,0.00%
ShadeStatusBarComponentsInteractor#homeStatusBarComponent,Outros / Serviços Gerais do SO,com.android.systemui,Eventos não categorizados em nenhuma categoria anterior.,1,0.00%
uc_continue_user_switch,Gestão de Usuários e Acesso,system_server,"Perfis de usuário (motorista/passageiro), permissões de apps e contas.",1,0.00%
KeyguardBouncerRepositoryImpl,Gestão de Usuários e Acesso,com.android.systemui,"Perfis de usuário (motorista/passageiro), permissões de apps e contas.",1,0.00%
FingerprintPropertyRepositoryImpl,Gestão de Usuários e Acesso,com.android.systemui,"Perfis de usuário (motorista/passageiro), permissões de apps e contas.",1,0.00%
MetricsCollector,Outros / Serviços Gerais do SO,com.android.phone,Eventos não categorizados em nenhuma categoria anterior.,1,0.00%
RadioDataProxy,Outros / Serviços Gerais do SO,com.android.phone,Eventos não categorizados em nenhuma categoria anterior.,1,0.00%
RadioModemProxy,Outros / Serviços Gerais do SO,com.android.phone,Eventos não categorizados em nenhuma categoria anterior.,1,0.00%
RadioNetworkProxy,Outros / Serviços Gerais do SO,com.android.phone,Eventos não categorizados em nenhuma categoria anterior.,1,0.00%
RadioSimProxy,Outros / Serviços Gerais do SO,com.android.phone,Eventos não categorizados em nenhuma categoria anterior.,1,0.00%
RadioConfigProxy,Outros / Serviços Gerais do SO,com.android.phone,Eventos não categorizados em nenhuma categoria anterior.,1,0.00%
RadioInterfaceCapabilityController,Outros / Serviços Gerais do SO,com.android.phone,Eventos não categorizados em nenhuma categoria anterior.,1,0.00%
SecureLockDeviceRepositoryImpl,Outros / Serviços Gerais do SO,com.android.systemui,Eventos não categorizados em nenhuma categoria anterior.,1,0.00%
CdmaSMSDispatcher,Outros / Serviços Gerais do SO,com.android.phone,Eventos não categorizados em nenhuma categoria anterior.,1,0.00%
HearingDeviceNotification,Outros / Serviços Gerais do SO,com.android.systemui,Eventos não categorizados em nenhuma categoria anterior.,1,0.00%
ConfigUpdaterMetricsStats,Outros / Serviços Gerais do SO,com.android.phone,Eventos não categorizados em nenhuma categoria anterior.,1,0.00%
DisplayInputLock,Outros / Serviços Gerais do SO,com.android.systemui,Eventos não categorizados em nenhuma categoria anterior.,1,0.00%
ExternalDisplayController,Outros / Serviços Gerais do SO,com.android.systemui,Eventos não categorizados em nenhuma categoria anterior.,1,0.00%
StatusBarManagerService,Outros / Serviços Gerais do SO,system_server,Eventos não categorizados em nenhuma categoria anterior.,1,0.00%
SatelliteStats,Outros / Serviços Gerais do SO,com.android.phone,Eventos não categorizados em nenhuma categoria anterior.,1,0.00%
ProvisionMetricsStats,Outros / Serviços Gerais do SO,com.android.phone,Eventos não categorizados em nenhuma categoria anterior.,1,0.00%
SessionMetricsStats,Outros / Serviços Gerais do SO,com.android.phone,Eventos não categorizados em nenhuma categoria anterior.,1,0.00%
CarrierRoamingSatelliteControllerStats,Subssistema Automotivo (AAOS),com.android.phone,"Barramentos veiculares, HVAC, CarService, Vehicle HAL (VHAL), Cluster e telemetria.",1,0.00%
EntitlementMetricsStats,Outros / Serviços Gerais do SO,com.android.phone,Eventos não categorizados em nenhuma categoria anterior.,1,0.00%
ImsRcsController,Outros / Serviços Gerais do SO,com.android.phone,Eventos não categorizados em nenhuma categoria anterior.,1,0.00%
CallManager,Outros / Serviços Gerais do SO,com.android.phone,Eventos não categorizados em nenhuma categoria anterior.,1,0.00%
PhoneInterfaceManager,Outros / Serviços Gerais do SO,com.android.phone,Eventos não categorizados em nenhuma categoria anterior.,1,0.00%
Telephony,Gestão de Usuários e Acesso,com.android.phone,"Perfis de usuário (motorista/passageiro), permissões de apps e contas.",1,0.00%
DemoSimulator,Outros / Serviços Gerais do SO,com.android.phone,Eventos não categorizados em nenhuma categoria anterior.,1,0.00%
VolumeUI,Subssistema Automotivo (AAOS),com.android.systemui,"Barramentos veiculares, HVAC, CarService, Vehicle HAL (VHAL), Cluster e telemetria.",1,0.00%
FeatureConnector,Outros / Serviços Gerais do SO,com.android.phone,Eventos não categorizados em nenhuma categoria anterior.,1,0.00%
PowerManagerHelper,Subssistema Automotivo (AAOS),com.android.systemui,"Barramentos veiculares, HVAC, CarService, Vehicle HAL (VHAL), Cluster e telemetria.",1,0.00%
CarPrivacyChipViewController,Subssistema Automotivo (AAOS),com.android.systemui,"Barramentos veiculares, HVAC, CarService, Vehicle HAL (VHAL), Cluster e telemetria.",1,0.00%
DataService,Outros / Serviços Gerais do SO,com.android.phone,Eventos não categorizados em nenhuma categoria anterior.,1,0.00%
TelephonyDebugService,Outros / Serviços Gerais do SO,com.android.phone,Eventos não categorizados em nenhuma categoria anterior.,1,0.00%
DebugService,Outros / Serviços Gerais do SO,com.android.phone,Eventos não categorizados em nenhuma categoria anterior.,1,0.00%
UiccSlot,Outros / Serviços Gerais do SO,com.android.phone,Eventos não categorizados em nenhuma categoria anterior.,1,0.00%
ClusterDisplayController,Subssistema Automotivo (AAOS),com.android.systemui,"Barramentos veiculares, HVAC, CarService, Vehicle HAL (VHAL), Cluster e telemetria.",1,0.00%
UiccPort [0],Outros / Serviços Gerais do SO,com.android.phone,Eventos não categorizados em nenhuma categoria anterior.,1,0.00%
VoiceMailConstants,Outros / Serviços Gerais do SO,com.android.phone,Eventos não categorizados em nenhuma categoria anterior.,1,0.00%
ImsSmsDispatcher [0],Outros / Serviços Gerais do SO,com.android.phone,Eventos não categorizados em nenhuma categoria anterior.,1,0.00%
NetworkService,Outros / Serviços Gerais do SO,com.android.phone,Eventos não categorizados em nenhuma categoria anterior.,1,0.00%
CellularDataService,Outros / Serviços Gerais do SO,com.android.phone,Eventos não categorizados em nenhuma categoria anterior.,1,0.00%
ComposeTracingStartable,Outros / Serviços Gerais do SO,com.android.systemui,Eventos não categorizados em nenhuma categoria anterior.,1,0.00%
DreamManagerService,Outros / Serviços Gerais do SO,system_server,Eventos não categorizados em nenhuma categoria anterior.,1,0.00%
WifiNetworkSuggestionsManager,Subssistema Automotivo (AAOS),system_server,"Barramentos veiculares, HVAC, CarService, Vehicle HAL (VHAL), Cluster e telemetria.",1,0.00%
NetworkController,Outros / Serviços Gerais do SO,com.android.systemui,Eventos não categorizados em nenhuma categoria anterior.,1,0.00%
AlternateBouncerViewBinder,Outros / Serviços Gerais do SO,com.android.systemui,Eventos não categorizados em nenhuma categoria anterior.,1,0.00%
UdfpsOverlayInteractor,Outros / Serviços Gerais do SO,com.android.systemui,Eventos não categorizados em nenhuma categoria anterior.,1,0.00%
car.carlauncher,Subssistema Automotivo (AAOS),com.android.car.carlauncher,"Barramentos veiculares, HVAC, CarService, Vehicle HAL (VHAL), Cluster e telemetria.",1,0.00%
NoteTaskInitializer,Outros / Serviços Gerais do SO,com.android.systemui,Eventos não categorizados em nenhuma categoria anterior.,1,0.00%
WifiPickerTracker,Outros / Serviços Gerais do SO,com.android.systemui,Eventos não categorizados em nenhuma categoria anterior.,1,0.00%
CarAudioManager,Subssistema Automotivo (AAOS),com.android.car.settings,"Barramentos veiculares, HVAC, CarService, Vehicle HAL (VHAL), Cluster e telemetria.",1,0.00%
d.carrierconfig,Subssistema Automotivo (AAOS),com.android.carrierconfig,"Barramentos veiculares, HVAC, CarService, Vehicle HAL (VHAL), Cluster e telemetria.",1,0.00%
car.kitchensink,Subssistema Automotivo (AAOS),com.google.android.car.kitchensink,"Barramentos veiculares, HVAC, CarService, Vehicle HAL (VHAL), Cluster e telemetria.",1,0.00%
incidentd,Outros / Serviços Gerais do SO,pid:760,Eventos não categorizados em nenhuma categoria anterior.,1,0.00%
TrustManagerService,Gestão de Usuários e Acesso,system_server,"Perfis de usuário (motorista/passageiro), permissões de apps e contas.",1,0.00%
wm_dim_created,Outros / Serviços Gerais do SO,system_server,Eventos não categorizados em nenhuma categoria anterior.,1,0.00%
roid.car.rotary,Subssistema Automotivo (AAOS),com.android.car.rotary,"Barramentos veiculares, HVAC, CarService, Vehicle HAL (VHAL), Cluster e telemetria.",1,0.00%
SecurityLogMonitor,Auditoria e SELinux,system_server,"Daemon de auditoria do kernel (auditd), checagem de AVC denials e políticas SELinux.",1,0.00%
BatterySaverPolicy,Outros / Serviços Gerais do SO,system_server,Eventos não categorizados em nenhuma categoria anterior.,1,0.00%
Choreographer,Outros / Serviços Gerais do SO,com.android.systemui,Eventos não categorizados em nenhuma categoria anterior.,1,0.00%
bt_bta_sd,Outros / Serviços Gerais do SO,com.android.bluetooth,Eventos não categorizados em nenhuma categoria anterior.,1,0.00%
A2dpSinkService,Outros / Serviços Gerais do SO,com.android.bluetooth,Eventos não categorizados em nenhuma categoria anterior.,1,0.00%
MediaFocusControl,Outros / Serviços Gerais do SO,system_server,Eventos não categorizados em nenhuma categoria anterior.,1,0.00%
HeadsetClientService,Outros / Serviços Gerais do SO,com.android.bluetooth,Eventos não categorizados em nenhuma categoria anterior.,1,0.00%
MapClientService,Outros / Serviços Gerais do SO,com.android.bluetooth,Eventos não categorizados em nenhuma categoria anterior.,1,0.00%
MnsService,Outros / Serviços Gerais do SO,com.android.bluetooth,Eventos não categorizados em nenhuma categoria anterior.,1,0.00%
PanService,Outros / Serviços Gerais do SO,com.android.bluetooth,Eventos não categorizados em nenhuma categoria anterior.,1,0.00%
WalletControllerImpl,Outros / Serviços Gerais do SO,com.android.systemui,Eventos não categorizados em nenhuma categoria anterior.,1,0.00%
BtGatt.GattService,Outros / Serviços Gerais do SO,com.android.bluetooth,Eventos não categorizados em nenhuma categoria anterior.,1,0.00%
BtGatt.GattServerManager,Outros / Serviços Gerais do SO,com.android.bluetooth,Eventos não categorizados em nenhuma categoria anterior.,1,0.00%
BtGatt.AdvertiseManager,Outros / Serviços Gerais do SO,com.android.bluetooth,Eventos não categorizados em nenhuma categoria anterior.,1,0.00%
BtScan.ScanManager,Outros / Serviços Gerais do SO,com.android.bluetooth,Eventos não categorizados em nenhuma categoria anterior.,1,0.00%
BtScan.PeriodicScanManager,Outros / Serviços Gerais do SO,com.android.bluetooth,Eventos não categorizados em nenhuma categoria anterior.,1,0.00%
KeyguardSecurityView,Auditoria e SELinux,com.android.systemui,"Daemon de auditoria do kernel (auditd), checagem de AVC denials e políticas SELinux.",1,0.00%
BluetoothMapClient,Outros / Serviços Gerais do SO,com.android.systemui,Eventos não categorizados em nenhuma categoria anterior.,1,0.00%
BluetoothPbapClient,Outros / Serviços Gerais do SO,com.android.systemui,Eventos não categorizados em nenhuma categoria anterior.,1,0.00%
DismissCallbackRegistry,Outros / Serviços Gerais do SO,com.android.systemui,Eventos não categorizados em nenhuma categoria anterior.,1,0.00%
BluetoothSilenceDeviceManager,Outros / Serviços Gerais do SO,com.android.bluetooth,Eventos não categorizados em nenhuma categoria anterior.,1,0.00%
CdmaServiceCategoryProgramHandler,Outros / Serviços Gerais do SO,com.android.networkstack.process,Eventos não categorizados em nenhuma categoria anterior.,1,0.00%
CellBroadcastHandler,Outros / Serviços Gerais do SO,com.android.networkstack.process,Eventos não categorizados em nenhuma categoria anterior.,1,0.00%
sf_stop_bootanim,Outros / Serviços Gerais do SO,pid:724,Eventos não categorizados em nenhuma categoria anterior.,1,0.00%
wm_boot_animation_done,Outros / Serviços Gerais do SO,system_server,Eventos não categorizados em nenhuma categoria anterior.,1,0.00%
RollbackManager,Outros / Serviços Gerais do SO,system_server,Eventos não categorizados em nenhuma categoria anterior.,1,0.00%
RollbackPackageHealthObserver,Outros / Serviços Gerais do SO,system_server,Eventos não categorizados em nenhuma categoria anterior.,1,0.00%
RebootEscrowManager,Gestão de Usuários e Acesso,system_server,"Perfis de usuário (motorista/passageiro), permissões de apps e contas.",1,0.00%
WifiScoreCard,Subssistema Automotivo (AAOS),system_server,"Barramentos veiculares, HVAC, CarService, Vehicle HAL (VHAL), Cluster e telemetria.",1,0.00%
RestrictedWifiNetworkFactory,Outros / Serviços Gerais do SO,system_server,Eventos não categorizados em nenhuma categoria anterior.,1,0.00%
SsidTranslator,Outros / Serviços Gerais do SO,system_server,Eventos não categorizados em nenhuma categoria anterior.,1,0.00%
WifiLockManager,Outros / Serviços Gerais do SO,system_server,Eventos não categorizados em nenhuma categoria anterior.,1,0.00%
CDM_InactiveAssociationsRemovalService,Outros / Serviços Gerais do SO,system_server,Eventos não categorizados em nenhuma categoria anterior.,1,0.00%
MediaSessionService$NotificationListener,Outros / Serviços Gerais do SO,system_server,Eventos não categorizados em nenhuma categoria anterior.,1,0.00%
SensitiveContentProtectionManagerService$NotificationListener,Outros / Serviços Gerais do SO,system_server,Eventos não categorizados em nenhuma categoria anterior.,1,0.00%
ONSAutoboot,Outros / Serviços Gerais do SO,com.android.phone,Eventos não categorizados em nenhuma categoria anterior.,1,0.00%
ONSNetworkScanCtlr,Outros / Serviços Gerais do SO,com.android.phone,Eventos não categorizados em nenhuma categoria anterior.,1,0.00%
ONSProfileSelector,Outros / Serviços Gerais do SO,com.android.phone,Eventos não categorizados em nenhuma categoria anterior.,1,0.00%
auditctl,Auditoria e SELinux,auditd,"Daemon de auditoria do kernel (auditd), checagem de AVC denials e políticas SELinux.",1,0.00%
profcollectd,Outros / Serviços Gerais do SO,pid:3804,Eventos não categorizados em nenhuma categoria anterior.,1,0.00%
/dev/block/by-name/custom,Outros / Serviços Gerais do SO,servicemanager,Eventos não categorizados em nenhuma categoria anterior.,1,0.00%
dmesgd,Outros / Serviços Gerais do SO,pid:3842,Eventos não categorizados em nenhuma categoria anterior.,1,0.00%
mmd,Outros / Serviços Gerais do SO,pid:3862,Eventos não categorizados em nenhuma categoria anterior.,1,0.00%
set_capacity_and_notify,Outros / Serviços Gerais do SO,servicemanager,Eventos não categorizados em nenhuma categoria anterior.,1,0.00%
zram0,Outros / Serviços Gerais do SO,servicemanager,Eventos não categorizados em nenhuma categoria anterior.,1,0.00%
SettingsShellCmd,Gestão de Usuários e Acesso,system_server,"Perfis de usuário (motorista/passageiro), permissões de apps e contas.",1,0.00%
mkswap,Outros / Serviços Gerais do SO,servicemanager,Eventos não categorizados em nenhuma categoria anterior.,1,0.00%
droid.deskclock,Outros / Serviços Gerais do SO,com.android.deskclock,Eventos não categorizados em nenhuma categoria anterior.,1,0.00%
NsdServiceInfo,Outros / Serviços Gerais do SO,system_server,Eventos não categorizados em nenhuma categoria anterior.,1,0.00%
AuthenticationStatsBroadcastReceiver,Gestão de Usuários e Acesso,system_server,"Perfis de usuário (motorista/passageiro), permissões de apps e contas.",1,0.00%
WakeupConfigStoreData,Gestão de Usuários e Acesso,system_server,"Perfis de usuário (motorista/passageiro), permissões de apps e contas.",1,0.00%
ServiceProfileData,Outros / Serviços Gerais do SO,system_server,Eventos não categorizados em nenhuma categoria anterior.,1,0.00%
PbapClientAccountManager,Gestão de Usuários e Acesso,com.android.bluetooth,"Perfis de usuário (motorista/passageiro), permissões de apps e contas.",1,0.00%
HealthConnectManagerService,Gestão de Usuários e Acesso,system_server,"Perfis de usuário (motorista/passageiro), permissões de apps e contas.",1,0.00%
GlobalParametersService,Outros / Serviços Gerais do SO,com.android.devicelockcontroller,Eventos não categorizados em nenhuma categoria anterior.,1,0.00%
SetupParametersService,Outros / Serviços Gerais do SO,com.android.devicelockcontroller,Eventos não categorizados em nenhuma categoria anterior.,1,0.00%
d.car.provision,Subssistema Automotivo (AAOS),com.android.car.provision,"Barramentos veiculares, HVAC, CarService, Vehicle HAL (VHAL), Cluster e telemetria.",1,0.00%
droid.car.media,Subssistema Automotivo (AAOS),com.android.car.media,"Barramentos veiculares, HVAC, CarService, Vehicle HAL (VHAL), Cluster e telemetria.",1,0.00%
PackagePolicyHandler,Outros / Serviços Gerais do SO,com.android.devicelockcontroller,Eventos não categorizados em nenhuma categoria anterior.,1,0.00%
CarUiInstaller,Subssistema Automotivo (AAOS),com.android.car.carlauncher,"Barramentos veiculares, HVAC, CarService, Vehicle HAL (VHAL), Cluster e telemetria.",1,0.00%
CarLauncherUtils,Subssistema Automotivo (AAOS),com.android.car.carlauncher,"Barramentos veiculares, HVAC, CarService, Vehicle HAL (VHAL), Cluster e telemetria.",1,0.00%
TaskStackChangeListeners,Subssistema Automotivo (AAOS),com.android.car.carlauncher,"Barramentos veiculares, HVAC, CarService, Vehicle HAL (VHAL), Cluster e telemetria.",1,0.00%
.gce.gceservice,Outros / Serviços Gerais do SO,com.android.google.gce.gceservice,Eventos não categorizados em nenhuma categoria anterior.,1,0.00%
TNA-100,Outros / Serviços Gerais do SO,com.android.phone,Eventos não categorizados em nenhuma categoria anterior.,1,0.00%
PbapClientContactsStorage,Gestão de Usuários e Acesso,com.android.bluetooth,"Perfis de usuário (motorista/passageiro), permissões de apps e contas.",1,0.00%
DataServiceCallback,Outros / Serviços Gerais do SO,com.android.phone,Eventos não categorizados em nenhuma categoria anterior.,1,0.00%
HealthConnectTrackerManagerImpl,Outros / Serviços Gerais do SO,system_server,Eventos não categorizados em nenhuma categoria anterior.,1,0.00%
ndroid.calendar,Outros / Serviços Gerais do SO,com.android.calendar,Eventos não categorizados em nenhuma categoria anterior.,1,0.00%
RcsStats,Outros / Serviços Gerais do SO,com.android.phone,Eventos não categorizados em nenhuma categoria anterior.,1,0.00%
NetworkMonitor,Outros / Serviços Gerais do SO,com.android.networkstack.process,Eventos não categorizados em nenhuma categoria anterior.,1,0.00%
QOSCT-100,Outros / Serviços Gerais do SO,com.android.phone,Eventos não categorizados em nenhuma categoria anterior.,1,0.00%
GceBluetoothChecker,Outros / Serviços Gerais do SO,com.android.google.gce.gceservice,Eventos não categorizados em nenhuma categoria anterior.,1,0.00%
GceWifiManager,Outros / Serviços Gerais do SO,com.android.google.gce.gceservice,Eventos não categorizados em nenhuma categoria anterior.,1,0.00%
ForegroundServiceTypeLoggerModule,Outros / Serviços Gerais do SO,system_server,Eventos não categorizados em nenhuma categoria anterior.,1,0.00%
ONSProfileActivator,Outros / Serviços Gerais do SO,com.android.phone,Eventos não categorizados em nenhuma categoria anterior.,1,0.00%
droid.car.radio,Subssistema Automotivo (AAOS),com.android.car.radio,"Barramentos veiculares, HVAC, CarService, Vehicle HAL (VHAL), Cluster e telemetria.",1,0.00%
AlertReceiver,Outros / Serviços Gerais do SO,com.android.calendar,Eventos não categorizados em nenhuma categoria anterior.,1,0.00%
NetworkTimeUpdateService,Outros / Serviços Gerais do SO,system_server,Eventos não categorizados em nenhuma categoria anterior.,1,0.00%
UpstreamNetworkMonitor,Outros / Serviços Gerais do SO,com.android.networkstack.process,Eventos não categorizados em nenhuma categoria anterior.,1,0.00%
TaskViewTransitions,Outros / Serviços Gerais do SO,com.android.systemui,Eventos não categorizados em nenhuma categoria anterior.,1,0.00%
mapsplaceholder,Outros / Serviços Gerais do SO,com.android.car.mapsplaceholder,Eventos não categorizados em nenhuma categoria anterior.,1,0.00%
BcRadioApp.mgrext,Outros / Serviços Gerais do SO,com.android.car.radio,Eventos não categorizados em nenhuma categoria anterior.,1,0.00%
DockViewController,Gestão de Usuários e Acesso,com.android.systemui,"Perfis de usuário (motorista/passageiro), permissões de apps e contas.",1,0.00%
RemoteCarTaskViewServerImpl,Subssistema Automotivo (AAOS),com.android.systemui,"Barramentos veiculares, HVAC, CarService, Vehicle HAL (VHAL), Cluster e telemetria.",1,0.00%
wm_relaunch_resume_activity,Subssistema Automotivo (AAOS),system_server,"Barramentos veiculares, HVAC, CarService, Vehicle HAL (VHAL), Cluster e telemetria.",1,0.00%
MediaPlayerList,Subssistema Automotivo (AAOS),com.android.bluetooth,"Barramentos veiculares, HVAC, CarService, Vehicle HAL (VHAL), Cluster e telemetria.",1,0.00%
Bubbles,Outros / Serviços Gerais do SO,com.android.systemui,Eventos não categorizados em nenhuma categoria anterior.,1,0.00%
ProtoDataSource,Outros / Serviços Gerais do SO,com.android.systemui,Eventos não categorizados em nenhuma categoria anterior.,1,0.00%
ConsumerBase,Outros / Serviços Gerais do SO,com.android.systemui,Eventos não categorizados em nenhuma categoria anterior.,1,0.00%
DockEventsReceiver,Outros / Serviços Gerais do SO,com.android.systemui,Eventos não categorizados em nenhuma categoria anterior.,1,0.00%
jank_cuj_events_begin_request,Outros / Serviços Gerais do SO,com.android.systemui,Eventos não categorizados em nenhuma categoria anterior.,1,0.00%
android.camera2,Outros / Serviços Gerais do SO,com.android.camera2,Eventos não categorizados em nenhuma categoria anterior.,1,0.00%
CAM_Log,Outros / Serviços Gerais do SO,com.android.camera2,Eventos não categorizados em nenhuma categoria anterior.,1,0.00%
CAM_SetActivitiesCamera,Outros / Serviços Gerais do SO,com.android.camera2,Eventos não categorizados em nenhuma categoria anterior.,1,0.00%
roid.car.dialer,Subssistema Automotivo (AAOS),com.android.car.dialer,"Barramentos veiculares, HVAC, CarService, Vehicle HAL (VHAL), Cluster e telemetria.",1,0.00%
CD.BluetoothPairListLiveData,Outros / Serviços Gerais do SO,com.android.car.dialer,Eventos não categorizados em nenhuma categoria anterior.,1,0.00%
CD.BluetoothStateLiveData,Outros / Serviços Gerais do SO,com.android.car.dialer,Eventos não categorizados em nenhuma categoria anterior.,1,0.00%
CD.PhoneAccountMgr,Gestão de Usuários e Acesso,com.android.car.dialer,"Perfis de usuário (motorista/passageiro), permissões de apps e contas.",1,0.00%
CD.TelecomMgr,Outros / Serviços Gerais do SO,com.android.car.dialer,Eventos não categorizados em nenhuma categoria anterior.,1,0.00%
CD.Log,Outros / Serviços Gerais do SO,com.android.car.dialer,Eventos não categorizados em nenhuma categoria anterior.,1,0.00%
CD.InMemoryPhoneBook,Outros / Serviços Gerais do SO,com.android.car.dialer,Eventos não categorizados em nenhuma categoria anterior.,1,0.00%
ndroid.contacts,Outros / Serviços Gerais do SO,com.android.contacts,Eventos não categorizados em nenhuma categoria anterior.,1,0.00%
SdnProvider,Outros / Serviços Gerais do SO,com.android.contacts,Eventos não categorizados em nenhuma categoria anterior.,1,0.00%
Role,Subssistema Automotivo (AAOS),system_server,"Barramentos veiculares, HVAC, CarService, Vehicle HAL (VHAL), Cluster e telemetria.",1,0.00%
ompute.services,Outros / Serviços Gerais do SO,com.android.federatedcompute.services,Eventos não categorizados em nenhuma categoria anterior.,1,0.00%
PerfettoTrigger,Subssistema Automotivo (AAOS),com.android.systemui,"Barramentos veiculares, HVAC, CarService, Vehicle HAL (VHAL), Cluster e telemetria.",1,0.00%
droid.messaging,Outros / Serviços Gerais do SO,com.android.messaging,Eventos não categorizados em nenhuma categoria anterior.,1,0.00%
zation.services,Outros / Serviços Gerais do SO,com.android.ondevicepersonalization.services,Eventos não categorizados em nenhuma categoria anterior.,1,0.00%
eferenceupdater,Outros / Serviços Gerais do SO,com.google.android.car.networking.preferenceupdater,Eventos não categorizados em nenhuma categoria anterior.,1,0.00%
CalendarUpgradeReceiver,Outros / Serviços Gerais do SO,com.android.providers.calendar,Eventos não categorizados em nenhuma categoria anterior.,1,0.00%
calendar_upgrade_receiver,Outros / Serviços Gerais do SO,com.android.providers.calendar,Eventos não categorizados em nenhuma categoria anterior.,1,0.00%
ContactsUpgradeReceiver,Outros / Serviços Gerais do SO,android.process.acore,Eventos não categorizados em nenhuma categoria anterior.,1,0.00%
contacts_upgrade_receiver,Outros / Serviços Gerais do SO,android.process.acore,Eventos não categorizados em nenhuma categoria anterior.,1,0.00%
notification_canceled,Outros / Serviços Gerais do SO,system_server,Eventos não categorizados em nenhuma categoria anterior.,1,0.00%
droid.gallery3d,Outros / Serviços Gerais do SO,com.android.gallery3d,Eventos não categorizados em nenhuma categoria anterior.,1,0.00%
CAR.CLUSTER,Subssistema Automotivo (AAOS),com.android.car,"Barramentos veiculares, HVAC, CarService, Vehicle HAL (VHAL), Cluster e telemetria.",1,0.00%
AvalancheProvider,Outros / Serviços Gerais do SO,com.android.systemui,Eventos não categorizados em nenhuma categoria anterior.,1,0.00%
RecoverySystem,Outros / Serviços Gerais do SO,system_server,Eventos não categorizados em nenhuma categoria anterior.,1,0.00%
oid.car.cluster,Subssistema Automotivo (AAOS),android.car.cluster,"Barramentos veiculares, HVAC, CarService, Vehicle HAL (VHAL), Cluster e telemetria.",1,0.00%
CheckInBootCompletedReceiver,Outros / Serviços Gerais do SO,com.android.devicelockcontroller,Eventos não categorizados em nenhuma categoria anterior.,1,0.00%
DeviceLockControllerSchedulerImpl,Outros / Serviços Gerais do SO,com.android.devicelockcontroller,Eventos não categorizados em nenhuma categoria anterior.,1,0.00%
oid.photopicker,Outros / Serviços Gerais do SO,com.android.photopicker,Eventos não categorizados em nenhuma categoria anterior.,1,0.00%
Cluster.DisplayProvider,Subssistema Automotivo (AAOS),android.car.cluster,"Barramentos veiculares, HVAC, CarService, Vehicle HAL (VHAL), Cluster e telemetria.",1,0.00%
WM-RescheduleReceiver,Outros / Serviços Gerais do SO,com.android.providers.media.module,Eventos não categorizados em nenhuma categoria anterior.,1,0.00%
VRI[MainClusterActivity],Subssistema Automotivo (AAOS),android.car.cluster,"Barramentos veiculares, HVAC, CarService, Vehicle HAL (VHAL), Cluster e telemetria.",1,0.00%
PhoneNumberUtils,Outros / Serviços Gerais do SO,android.car.cluster,Eventos não categorizados em nenhuma categoria anterior.,1,0.00%
DisplayController,Outros / Serviços Gerais do SO,com.android.systemui,Eventos não categorizados em nenhuma categoria anterior.,1,0.00%
VRI[FakeFreeNavigationActivity],Outros / Serviços Gerais do SO,android.car.cluster,Eventos não categorizados em nenhuma categoria anterior.,1,0.00%
android.rkpdapp,Outros / Serviços Gerais do SO,com.android.rkpdapp,Eventos não categorizados em nenhuma categoria anterior.,1,0.00%
RkpdSettings,Outros / Serviços Gerais do SO,com.android.rkpdapp,Eventos não categorizados em nenhuma categoria anterior.,1,0.00%
ProfileInstaller,Subssistema Automotivo (AAOS),com.android.car.media,"Barramentos veiculares, HVAC, CarService, Vehicle HAL (VHAL), Cluster e telemetria.",1,0.00%
GpuWork,Outros / Serviços Gerais do SO,pid:717,Eventos não categorizados em nenhuma categoria anterior.,1,0.00%
am_stop_idle_service,Subssistema Automotivo (AAOS),system_server,"Barramentos veiculares, HVAC, CarService, Vehicle HAL (VHAL), Cluster e telemetria.",1,0.00%
TelephonyManager,Outros / Serviços Gerais do SO,system_server,Eventos não categorizados em nenhuma categoria anterior.,1,0.00%
